date,locality,cases with onset in laStreet 2 weeks
180102,"Upp Serangoon View / Upp Serangoon View (Boathouse Residences, Heron Bay) ",7
180102,"Tampines Street 42 (Blk 446) / Tampines Street 43 (Blk 434,436, 438)",3
180102,"Choa Chu Kang Avenue 2 (Blk 249, 276) / Hong San Terminal",1
180102,"Pasir Ris Drive 4 (Blk 461) / Pasir Ris Drive 4 (The Esparis) / Pasir Ris Drive 6 (Blk 454)",1
180102,"Anchorvale Lane (Blk 311B) / Anchorvale Road (Blk 309D)",1
180102,"Pasir Ris Street 51 (Blk 564, 565)",1
180105,"Upp Serangoon View / Upp Serangoon View (Boathouse Residences, Heron Bay) ",45
180105,"Tampines Street 42 (Blk 446) / Tampines Street 43 (Blk 434, 436, 438)",2
180105,"Choa Chu Kang Avenue 2 (Blk 249, 250, 276) / Hong San Terminal ",2
180105,"Pasir Ris Drive 4 (Blk 461) / Pasir Ris Drive 4 (The Esparis) / Pasir Ris Drive 6 (Blk 454)",1
180105,"Cassia Cres (Blk 28) / Pine Cl (Blk 3)",1
180105,"Holland Cl (Blk 1, 3A)",1
180105,"Happy Avenue EaStreet / Jalan Anggerek",1
180111,"Upp Serangoon View / Upp Serangoon View (Boathouse Residences, Heron Bay, Rio ViStreeta)",43
180111,"Tampines Street 42 (Blk 444, 446) / Tampines Street 43 (Blk 434, 436, 437, 438, 474) / Tampines Street 44 (Blk 465)",5
180111,"Cassia Cres (Blk 28) / Pine Cl (Blk 3)",1
180111,"Pasir Ris Street 51 (Blk 559, 560, 564)",1
180111,"Boon Keng Road (Blk 5, 6)",2
180111,"Geylang EaStreet Avenue 1 (Blk 131)",2
180111,"Jurong WeStreet Avenue 1 (Blk 484) / Jurong WeStreet Street 41 (Blk 492)",2
180112,"Hougang Avenue 7 (The FLorongida) / Upp Serangoon View / Upp Serangoon View (Boathouse Residences, Heron Bay, Rio ViStreeta)",33
180112,"Tampines Street 42 (Blk 444, 446) / Tampines Street 43 (Blk 434, 436, 437, 438, 474) / Tampines Street 44 (Blk 465)",4
180112,"Cassia Cres (Blk 28) / Pine Cl (Blk 3)",1
180112,"Pasir Ris Street 51 (Blk 559, 560, 564)",1
180112,"Geylang EaStreet Avenue 1 (Blk 131)",1
180112,"Jurong WeStreet Avenue 1 (Blk 484) / Jurong WeStreet Street 41 (Blk 492)",2
180112,"Tampines Street 12 (Blk 143, 144)",2
180112,"Tampines Street 45 (Blk 491F, 491G)",2
180115,"Hougang Avenue 7 (The FLorongida) / Upp Serangoon View / Upp Serangoon View (Boathouse Residences, Heron Bay, Rio ViStreeta)",37
180115,"Pasir Ris Street 51 (Blk 559, 560, 564)",1
180115,"Whampoa Drive (Blk 98, 100)",2
180115,"Geylang EaStreet Avenue 1 (Blk 131)",1
180115,"Jurong WeStreet Avenue 1 (Blk 484) / Jurong WeStreet Street 41 (Blk 492)",2
180115,"Tampines Street 12 (Blk 143, 144)",2
180115,"Tampines Street 45 (Blk 491F, 491G)",2
180119,"Hougang Avenue 7 (Blk 354) / Hougang Avenue 7 (Rio Casa, The FLorongida) / Upp Serangoon View / Upp Serangoon View Boathouse Residences, Heron Bay, Rio ViStreeta)",23
180119,"Whampoa Drive (Blk 98, 100, 101)",3
180119,"Pasir Ris Street 51 (Blk 559, 560, 564)",2
180119,"Petir Road (Blk 215, 216, 218)",3
180119,"Tampines Street 12 (Blk 143, 144)",1
180119,"Tampines Street 42 (Blk 460) / Tampines Street 43 (Blk 474) / Tampines Street 44 (Blk 463)",3
180119,"Bt Batok Ctrl (Blk 639)",2
180122,"Hougang Avenue 7 (Blk 354) / Hougang Avenue 7 (Rio Casa,The FLorongida) / Upp Serangoon View / Upp Serangoon View (Boathouse Residences, Heron Bay, Rio ViStreeta)",10
180122,"Whampoa Drive (Blk 98, 100, 101)",3
180122,"Pasir Ris Street 51 (Blk 559, 560, 564)",2
180122,"Petir Road (Blk 215, 216, 218)",2
180122,"Tampines Street 12 (Blk 143, 144)",1
180122,"Tampines Street 42 (Blk 460) / Tampines Street 43 (Blk 474) / Tampines Street 44 (Blk 463)",3
180122,"Bt Batok Ctrl (Blk 639)",2
180126,"Hougang Avenue 7 (Blk 354) / Hougang Avenue 7 (Rio Casa,The FLorongida) / Upp Serangoon View / Upp Serangoon View (Boathouse Residences, Heron Bay, Rio ViStreeta)",15
180126,"Tampines Street 42 (Blk 454, 460) / Tampines Street 43 (Blk 438, 474) / Tampines Street 44 (Blk 463)",5
180126,"Tampines Street 11 (Blk 107, 109)",2
180126,"Yishun Ring Road (Blk 806, 809)",2
180126,"Yishun Street 61 (Blk 636, 638)",1
180129,"Hougang Avenue 7 (Blk 354) / Hougang Avenue 7 (Rio Casa, The FLorongida) / Upp Serangoon View / Upp Serangoon View (Boathouse Residences, Heron Bay, Rio ViStreeta)",8
180129,"Tampines Street 42 (Blk 454, 460) / Tampines Street 43 (Blk 438, 474) / Tampines Street 44 (Blk 463)",4
180129,"Tampines Street 11 (Blk 107, 109)",2
180129,"Yishun Ring Road (Blk 806, 809)",1
180129,"Yishun Street 61 (Blk 636, 638)",1
180202,"Hougang Avenue 7 (Blk 354) / Hougang Avenue 7 (Rio Casa, The FLorongida) / Upp Serangoon View / Upp Serangoon View (Boathouse Residences, Heron Bay, Rio ViStreeta)",5
180202,"Tampines Street 42 (Blk 454, 460) / Tampines Street 43 (Blk 438, 474) / Tampines Street 44 (Blk 463)",3
180202,"Bedok Reservoir Road (Blk 104, 116, 117, 118, 120)",4
180202,"Tampines Street 45 (Blk 491C, 491D, 491F, 491G)",4
180202,"Jurong WeStreet Avenue 1 (Blk 484) / Jurong WeStreet Street 41 (Blk 477, 492)",1
180202,"Tampines Street 12 (Blk 143)",3
180205,"Hougang Avenue 7 (Blk 354) / Hougang Avenue 7 (Rio Casa, The FLorongida) / Upp Serangoon View / Upp Serangoon View (Boathouse Residences, Heron Bay, Rio ViStreeta)",3
180205,"Tampines Street 42 (Blk 454, 460) / Tampines Street 43 (Blk 438, 474) / Tampines Street 44 (Blk 463)",2
180205,"Bedok Reservoir Road (Blk 104, 116, 117, 118, 120,125, 132)",6
180205,"Tampines Street 45 (Blk 491C, 491D, 491F, 491G)",2
180205,"Jurong WeStreet Avenue 1 (Blk 484) / Jurong WeStreet Street 41 (Blk 477, 492)",1
180205,"Tampines Street 12 (Blk 143)",3
180209,"Hougang Avenue 7 (Blk 354) / Hougang Avenue 7 (Rio Casa, The FLorongida) / Upp Serangoon View / Upp Serangoon View (Boathouse Residences, Heron Bay, Rio ViStreeta)",5
180209,"Bedok Reservoir Road (Blk 104, 116, 117, 118, 120,125, 132)",9
180209,"Tampines Avenue 9 (Blk 488A) / Tampines Street 41 (Blk 429, 430) / Tampines Street 42 (Blk 454, 460) / Tampines Street 43 (Blk 434, 438, 474) / Tampines Street 44 (Blk 463)",3
180209,"Tampines Street 12 (Blk 143)",4
180209,"Cashew Road (Cashew Park Condo)",4
180209,"Tampines Street 45 (Blk 491C, 491D, 491F, 491G)",2
180212,"Hougang Avenue 7 (Blk 354) / Hougang Avenue 7 (Rio Casa, The FLorongida) / Upp Serangoon View / Upp Serangoon View (Boathouse Residences, Heron Bay, Rio ViStreeta)",3
180212,"Bedok Reservoir Road (Blk 104, 116, 117, 118, 120,125, 132)",3
180212,"Tampines Avenue 9 (Blk 488A) / Tampines Street 41 (Blk 429, 430) / Tampines Street 42 (Blk 454, 460) / Tampines Street 43 (Blk 434, 438, 474) / Tampines Street 44 (Blk 463)",1
180212,"Tampines Street 12 (Blk 143, 144)",4
180212,"Cashew Road (Cashew Park Condo)",4
180212,"Tampines Street 45 (Blk 491C, 491D, 491F, 491G)",1
180212,"Geylang EaStreet Avenue 1 (Blk 131, 132) / Geylang EaStreet Avenue 1 (Central Grove)",3
180215,"Bedok Reservoir Road (Blk 104, 116, 117, 118, 120, 125, 132)",5
180215,"Cashew Cres / Cashew Road (Cashew Park Condo)",10
180215,"Tampines Street 12 (Blk 143, 144)",3
180215,"Geylang EaStreet Avenue 1 (Blk 131, 132) / Geylang EaStreet Avenue 1 (Central Grove)",2
180219,"Bedok Reservoir Road (Blk 104, 116, 117, 118, 120, 125, 132)",1
180219,"Cashew Cres / Cashew Road (Cashew Park Condo)",6
180219,"Tampines Street 12 (Blk 143, 144)",1
180219,"Geylang EaStreet Avenue 1 (Blk 131, 132) / Geylang EaStreet Avenue 1 (Central Grove)",1
180223,"Cashew Cres / Cashew Road (Cashew Park Condo)",3
180226,"Cashew Cres / Cashew Road (Cashew Park Condo)",4
180302,"Cashew Cres / Cashew Road (Cashew Park Condo)",2
180302,"Ceylon Road / Pennefather Road",1
180305,"Cashew Cres / Cashew Road (Cashew Park Condo)",2
180305,"Bukit Batok WeStreet Avenue 6 (Blk 136)",2
180305,"Geylang EaStreet Avenue 1 (Blk 124) / Geylang EaStreet Avenue 2",2
180309,"Cashew Cres / Cashew Road (Cashew Park Condo)",3
180309,"Tampines Street 11 (Blk 107)",3
180309,"Bt Batok WeStreet Avenue 6 (Blk 136)",2
180309,"Clementi WeStreet Street 2 (Blk 709, 713, 714)",2
180309,"Hougang Avenue 7 (The FLorongida)",2
180309,"Pearl Bank (Pearl Bank Apts)",3
180309,"Chai Chee Road (Blk 10, 808C)",2
180309,"CheStreetnut Gardens / Jalan Suasa",2
180309,"Tampines Street 12 (Blk 163, 164)",2
180312,"Cashew Cres / Cashew Road (Cashew Park Condo)",2
180312,"Tampines Street 11 (Blk 107)",1
180312,"Bt Batok WeStreet Avenue 6 (Blk 136)",1
180312,"Hougang Avenue 7 (The FLorongida)",1
180312,"Pearl Bank (Pearl Bank Apts)",1
180312,"Chai Chee Road (Blk 10, 808C)",2
180312,"CheStreetnut Gardens / Jalan Suasa",1
180312,"Tampines Street 12 (Blk 163, 164)",2
180316,"Bedok Reservoir Road (Blk 127, 132, 133, 134, 135)",9
180316,"Joo Chiat Road / Koon Seng Road / Tembeling Road",2
180316,"Tampines Street 11 (Blk 107)",1
180316,"Tampines Street 12 (Blk 163, 164)",2
180320,"Bedok Reservoir Road (Blk 127, 132, 133, 134, 135)",10
180320,"Joo Chiat Road / Koon Seng Road / Tembeling Road",2
180320,"Tampines Street 11 (Blk 107)",1
180320,"Hillview Avenue (Hillview Residence)",1
180320,"Tampines Street 12 (Blk 163, 164)",2
180323,"Bedok Reservoir Road (Blk 127, 132, 133, 134, 135)",8
180323,"Tampines Street 12 (Blk 163, 164)",2
180323,"Kaki Bt Avenue 1",2
180326,"Bedok Reservoir Road (Blk 127, 132, 133, 134, 135, 608)",2
180326,"Tampines Street 12 (Blk 163, 164)",1
180326,"Jurong WeStreet Street 91 (Blk 947, 950)",1
180326,"Kaki Bt Avenue 1",2
180329,"Bedok Reservoir Road (Blk 127, 132, 133, 134, 135, 608)",3
180329,"Bedok North Street 3 (Blk 536)",3
180329,"Jurong WeStreet Street 91 (Blk 947, 950)",1
180329,"Kaki Bt Avenue 1",1
180329,"Whampoa Drive (Blk 97, 101)",2
180402,"Bedok Reservoir Road (Blk 127, 132, 133, 134, 135, 608)",3
180402,"Bedok North Street 3 (Blk 536)",3
180402,"Jurong WeStreet Street 91 (Blk 947, 950)",1
180402,"Kaki Bt Avenue 1",1
180402,"Whampoa Drive (Blk 97, 101) ",2
180406,"Bedok Reservoir Road (Blk 123, 127, 132, 133, 134, 135, 608, 609A)",5
180406,"Bedok North Street 3 (Blk 536, 556)",8
180406,"Jurong WeStreet Street 91 (Blk 945, 946, 947, 950)",4
180406,"Cashew Cres",3
180406,"Jalan Sempadan (Villa Marina)",2
180409,"Bedok Reservoir Road (Blk 123, 127, 132, 133, 134, 135, 608, 609A)",3
180409,"Bedok North Street 3 (Blk 536, 556)",6
180409,"Jurong WeStreet Street 91 (Blk 945, 946, 947, 950)",4
180409,"Cashew Cres",4
180409,"Yishun Street 21 (Blk 201, 212)",2
180409,"Jalan Sempadan (Villa Marina)",2
180409,"Lorong 7 Toa Payoh (Blk 8, 9)",2
180413,"Bedok North Street 3 (Blk 536, 541, 556)",6
180413,"Jurong WeStreet Street 91 (Blk 945, 946, 947, 950)",6
180413,"Cashew Cres",2
180413,"Jalan Sempadan (Villa Marina)",3
180413,"Yishun Street 21 (Blk 201, 212)",3
180413,"Carpmael Road / Joo Chiat Road",2
180413,"Joo Chiat Road / Onan Road",1
180413,"Redhill Cl (Blk 86) / Redhill Lane (Blk 82)",2
180416,"Bedok North Street 3 (Blk 536, 541, 556)",4
180416,"Jurong WeStreet Street 91 (Blk 945, 946, 947, 950)",4
180416,"Cashew Cres",2
180416,"Whampoa Drive (Blk 97, 100, 101, 104)",2
180416,"Carpmael Road / Joo Chiat Road",3
180416,"Jalan Sempadan (Villa Marina)",1
180416,"Yishun Street 21 (Blk 201, 212)",1
180416,"Joo Chiat Road / Onan Road",1
180416,"Redhill Cl (Blk 86) / Redhill Lane (Blk 82)",2
180420,"Bedok North Street 3 (Blk 535, 536, 537, 541, 556)",5
180420,"Jurong WeStreet Street 91 (Blk 940, 945, 946, 947, 950)",10
180420,"Cashew Cres",2
180420,"Whampoa Drive (Blk 97, 98, 100, 101, 104)",2
180420,"Carpmael Road / Joo Chiat Road",1
180420,"Jalan Sempadan (Villa Marina)",2
180420,"Henderson Road (Blk 92) / Redhill Cl (Blk 86) / Redhill Lane (Blk 82)",2
180420,"Kim Keat Cl / Kim Keat Lane",2
180420,"Yunnan Cres",2
180423,"Bedok North Street 3 (Blk 535, 536, 537, 541,556)",5
180423,"Jurong WeStreet Street 91 (Blk 940, 945, 946, 947, 949, 950)",10
180423,"Cashew Cres",1
180423,"Whampoa Drive (Blk 97, 98, 100, 101, 104)",1
180423,"Carpmael Road / Joo Chiat Road",1
180423,"Jalan Sempadan (Villa Marina)",2
180423,"Henderson Road (Blk 92) / Redhill Cl (Blk 86) / Redhill Lane (Blk 82)",1
180423,"Kim Keat Cl / Kim Keat Lane",2
180423,"Lorong 24A Geylang / Lorong 26 Geylang",3
180423,"Yunnan Cres",1
180427,"Jurong WeStreet Street 91 (Blk 933, 940, 943, 945, 946, 947, 948, 949, 950) / Jurong WeStreet Street 92 (Blk 920, 928)",22
180427,"Bedok North Street 3 (Blk 535, 536, 537, 541,556,557)",3
180427,"Cashew Cres, Lk / CheStreetnut Drive",8
180427,"BaleStreetier Road / Kim Keat Cl, Lane / Kim Keat Road (Victory Hts)",1
180427,"Yunnan Cres",2
180427,"Elliot Road",2
180427,"Tampines Street 12 (Blk 158, 161)",1
180430,"Jurong WeStreet Street 91 (Blk 933, 940, 943, 945, 946, 947, 948, 949, 950) / Jurong WeStreet Street 92 (Blk 920, 928)",15
180430,"Bedok North Street 3 (Blk 533, 535, 536, 537, 541, 556, 557)",6
180430,"Cashew Cres, Lk / CheStreetnut Drive",6
180430,"BaleStreetier Road / Kim Keat Cl, Lane / Kim Keat Road (Victory Hts)",1
180430,"Yunnan Cres",2
180430,"CheStreetnut Drive (near CheStreetnut Cres)",2
180430,"Elliot Road",2
180430,"Tampines Street 12 (Blk 158, 161)",1
180504,"Jurong WeStreet Street 91 (Blk 933, 940, 943, 945, 946, 947, 948, 949, 950) / Jurong WeStreet Street 92 (Blk 920, 928)",32
180504,"Bedok North Street 3 (Blk 535, 536, 537, 541, 556, 557)",11
180504,"Cashew Cres, Lk / CheStreetnut Drive",5
180504,"BaleStreetier Road / Kim Keat Cl, Lane / Kim Keat Road (Victory Hts)",2
180504,"Elliot Road",3
180504,"CheStreetnut Drive (near CheStreetnut Cres)",2
180504,"Gangsa Road (Blk 166) / Petir Road (Blk 167)",1
180507,"Jurong WeStreet Street 91 (Blk 933, 940, 943, 945, 946, 947, 948, 949, 950) / Jurong WeStreet Street 92 (Blk 920, 928)",27
180507,"Bedok North Street 3 (Blk 535, 536, 537, 541, 556 ,557)",9
180507,"Cashew Cres, Lk / CheStreetnut Drive",3
180507,"BaleStreetier Road / Kim Keat Cl, Lane / Kim Keat Road (Victory Hts)",1
180507,"Elliot Road",1
180507,"Gangsa Road (Blk 166) / Petir Road (Blk 167)",1
180511,"Jurong WeStreet Street 91 (Blk 933, 940, 943, 945, 946, 947, 948, 949, 950) / Jurong WeStreet Street 92 (Blk 920, 928)",21
180511,"Bedok North Street 3 (Blk 535, 536, 537, 541, 556, 557)",13
180511,"Cashew Cres, Lk / CheStreetnut Drive",2
180511,"Bt Batok WeStreet Avenue 2 / Bt Batok WeStreet Avenue 2 (Blk 420)",3
180511,"Jurong WeStreet Street 64 (Blk 678C) / Jurong WeStreet Street 65 (Blk 670A)",3
180514,"Jurong WeStreet Street 91 (Blk 933, 940, 943, 945, 946, 947, 948, 949, 950, 952) / Jurong WeStreet Street 92 (Blk 920, 928)",17
180514,"Bedok North Street 3 (Blk 535, 536, 537, 541, 556, 557)",7
180514,"Bt Batok WeStreet Avenue 2 / Bt Batok WeStreet Avenue 2 (Blk 420)",2
180514,"Jurong WeStreet Street 64 (Blk 678C) / Jurong WeStreet Street 65 (Blk 670A)",3
180518,"Jurong WeStreet Street 91 (Blk 933, 940, 943, 945, 946, 947, 948, 949, 950, 952) / Jurong WeStreet Street 92 (Blk 920, 928)",9
180518,"Bedok North Street 3 (Blk 535, 536, 537, 541, 556, 557)",7
180518,"CheStreetnut Drive",2
180518,"Bt Batok WeStreet Avenue 2 / Bt Batok WeStreet Avenue 2 (Blk 420)",2
180518,"Jalan Mutiara / Jalan Mutiara (Mutiara View)",3
180518,"Jurong WeStreet Street 91 (Blk 905, 910)",1
180518,"Marine Parade Road (Laguna Park)",1
180521,"Jurong WeStreet Street 91 (Blk 933, 940, 943, 945, 946, 947, 948, 949, 950, 952) / Jurong WeStreet Street 92 (Blk 920, 928)",7
180521,"Bedok North Street 3 (Blk 535, 536, 537, 541,556,557)",4
180521,"CheStreetnut Drive",3
180521,"Jalan Mutiara / Jalan Mutiara (Mutiara View)",2
180521,"Jurong WeStreet Street 91 (Blk 905, 910)",1
180521,"Marine Parade Road (Laguna Park)",1
180525,"Jurong WeStreet Street 91 (Blk 933, 940, 943, 945, 946, 947, 948, 949, 950, 952) / Jurong WeStreet Street 92 (Blk 920, 928)",11
180525,"Bedok North Avenue 1 (Blk 549) / Bedok North Street 3 (Blk 533,534, 535, 536, 537, 539, 540, 541, 547, 556, 557)",8
180525,"CheStreetnut Drive",3
180525,"Tampines Street 12 (Blk 141, 159, 164)",4
180525,"Circuit Road (Blk 62, 66)",3
180525,"Everitt Road / Tembeling Road",3
180525,"Jalan Mutiara (M5, Mutiara View)",2
180525,"Jurong WeStreet Street 81 (Blk 839)",2
180525,"Pasir Ris Street 12 (Blk 103, 107)",1
180525,"Yuan Ching Road (Blk 138C) / Yung Loh Road (Blk 158)",2
180528,"Jurong WeStreet Street 91 (Blk 933, 940, 943, 945, 946, 947, 948, 949, 950, 952) / Jurong WeStreet Street 92 (Blk 920, 928)",7
180528,"Bedok North Avenue 1 (Blk 549) / Bedok North Street 3 (Blk 533,534, 535, 536, 537, 539, 540, 541, 547, 556, 557)",10
180528,"Tampines Street 12 (Blk 141, 159, 164)",4
180528,"CheStreetnut Drive",2
180528,"Circuit Road (Blk 62, 66)",2
180528,"Everitt Road / Tembeling Road",1
180528,"Chun Tin Road / Lorong Pisang Emas",2
180528,"Joo Chiat Road / Onan Road",1
180528,"Jurong WeStreet Street 81 (Blk 839)",1
180528,"Pasir Ris Street 12 (Blk 103, 107)",1
180528,"Yuan Ching Road (Blk 138C) / Yung Loh Road (Blk 158)",1
180601,"Jurong WeStreet Street 91 (Blk 933, 940, 943, 945, 946, 947, 948, 949, 950, 952) / Jurong WeStreet Street 92 (Blk 920, 928)",5
180601,"Bedok North Avenue 1 (Blk 549) / Bedok North Street 3 (Blk 533, 534, 535, 536, 537, 539, 540, 541, 547, 556, 557)",5
180601,"Tampines Street 12 (Blk 141, 159, 164)",4
180601,"Cantonment Road (Blk 1D, 1G) / Tanjong Pagar Plaza (Blk 1)",4
180601,"Henderson Road (Blk 91, 92)",4
180601,"BaleStreetier Road / Jalan Ampas / Kim Keat Road (Regal Ct)",2
180601,"Jurong WeStreet Street 81 (Blk 839)",2
180601,"Bt Batok WeStreet Avenue 8 (Blk 175, 178)",2
180601,"Chun Tin Road / Lorong Pisang Emas",2
180601,"Pasir Ris Street 12 (Blk 103, 107)",1
180601,"Yishun Ring Road (Blk 253, 257)",1
180604,"Jurong WeStreet Street 91 (Blk 933, 940, 943, 945, 946, 947, 948, 949, 950, 952) / Jurong WeStreet Street 92 (Blk 920, 928)",1
180604,"Bedok North Avenue 1 (Blk 549) / Bedok North Street 3 (Blk 533,534, 535, 536, 537, 539, 540, 541, 547, 556, 557)",3
180604,"Tampines Street 12 (Blk 141, 159, 164)",1
180604,"Cantonment Road (Blk 1D, 1G) / Tanjong Pagar Plaza(Blk 1)",2
180604,"Henderson Road (Blk 91, 92)",4
180604,"BaleStreetier Road / Jalan Ampas / Kim Keat Road (Regal Ct)",2
180604,"Jurong WeStreet Street 81 (Blk 839)",1
180604,"Marine Parade Road (Laguna Park)",3
180604,"Bt Batok WeStreet Avenue 8 (Blk 175, 178)",1
180604,"Chun Tin Road / Lorong Pisang Emas",1
180604,"Pasir Ris Street 12 (Blk 103, 107)",1
180604,"Yishun Ring Road (Blk 253, 257)",1
180608,"Bedok North Avenue 1 (Blk 549) / Bedok North Street 3 (Blk 533,534, 535, 536, 537, 539, 540, 541, 547, 556, 557)",3
180608,"Tampines Street 12 (Blk 141, 144, 159, 160, 164) /Tampines Street 21 (Blk 247)",7
180608,"BaleStreetier Road / Jalan Ampas / Kim Keat Road (Regal Ct)",3
180608,"BaleStreetier Road / Kim Keat Cl, Road / Kim Keat Road",4
180608,"Cantonment Road (Blk 1G) / Tanjong Pagar Plaza (Blk 1, 3)",2
180608,"Henderson Road (Blk 91, 92)",1
180608,"Marine Parade Road (Laguna Park)",1
180608,"Jurong WeStreet Street 41 (Blk 478) / Jurong WeStreet Street 41 (The Lakeshore)",3
180608,"Bedok Reservoir Road (Blk 132) / Bedok Reservoir Road",2
180608,"Bishan Street 13 (Blk 153, 157)",2
180611,"Bedok North Avenue 1 (Blk 549) / Bedok North Street 3 (Blk 533, 534, 535, 536, 537, 539, 540, 541, 544, 547, 556,557)",1
180611,"Tampines Street 12 (Blk 141, 144, 159, 160, 164) /Tampines Street 21 (Blk 247)",8
180611,"BaleStreetier Road / Jalan Ampas / Kim Keat Road (Regal Ct)",3
180611,"Henderson Road (Blk 91, 92) / Redhill Lane (Blk 82)",4
180611,"BaleStreetier Road / Kim Keat Cl, Road / Kim Keat Road",2
180611,"Cantonment Road (Blk 1G) / Tanjong Pagar Plaza (Blk 1, 3)",2
180614,"Tampines Street 12 (Blk 141, 144, 159, 160, 164) /Tampines Street 21 (Blk 247)",9
180614,"BaleStreetier Road / Jalan Ampas / Kim Keat Road (Regal Ct)",5
180614,"Henderson Road (Blk 91, 92) / Redhill Lane (Blk 82)",4
180614,"Bendemeer Road / Bendemeer Road (Blk 43, 44)",2
180614,"Gangsa Road (Blk 166) / Petir Road (Blk 151)",3
180614,"Pasir Ris Street 12 (Blk 103, 105, 107)",1
180614,"Bedok Reservoir Road (Blk 132) / Bedok Reservoir Road",2
180614,"Hazel Park Terminal (Hazel Park Condo)",2
180614,"Lorong 20 Geylang / Lorong 20 Geylang (#1 Suites)",2
180618,"Tampines Street 12 (Blk 141, 144, 159, 160, 164) /Tampines Street 21 (Blk 247)",9
180618,"BaleStreetier Road / Jalan Ampas / Kim Keat Road (Regal Ct)",5
180618,"Henderson Road (Blk 91, 92) / Redhill Lane (Blk 82)",4
180618,"Bendemeer Road / Bendemeer Road (Blk 43, 44)",2
180618,"Gangsa Road (Blk 166) / Petir Road (Blk 151)",3
180618,"Hazel Park Terminal (Hazel Park Condo)",3
180618,"Pasir Ris Street 12 (Blk 103, 105, 107)",1
180618,"Bedok Reservoir Road (Blk 132) / Bedok Reservoir Road",2
180618,"Boon Lay Drive (Blk 176, 180A)",2
180618,"Lorong 20 Geylang / Lorong 20 Geylang (#1 Suites)",2
180622,"BaleStreetier Road / Jalan Ampas / Kim Keat Road (Regal Ct)",2
180622,"Henderson Road (Blk 91, 92) / Redhill Lane (Blk 82)",4
180622,"Hazel Park Terminal (Hazel Park Condo)",4
180622,"Edgefield Plains (Blk 114, 116, 117)",3
180622,"Boon Lay Drive (Blk 176, 180A)",1
180622,"Choa Chu Kang North 5 (Blk 751, 754)",1
180622,"Ghim Moh Road (Blk 14, 21)",1
180622,"Lorong 20 Geylang / Lorong 20 Geylang (#1 Suites)",1
180622,"Nallur Road (Hua Xin Ct) / Upp EaStreet CoaStreet Road (EaStreeTerminaLane Lagoon)",1
180625,"BaleStreetier Road / Jalan Ampas / Kim Keat Road (Regal Ct)",2
180625,"Henderson Road (Blk 91, 92) / Redhill Lane (Blk 82)",2
180625,"Hazel Park Terminal (Hazel Park Condo)",1
180625,"Edgefield Plains (Blk 114, 116, 117)",3
180625,"Boon Lay Drive (Blk 176, 180A)",1
180625,"Choa Chu Kang North 5 (Blk 751, 754)",1
180625,"Ghim Moh Road (Blk 14, 21)",1
180625,"Nallur Road (Hua Xin Ct) / Upp EaStreet CoaStreet Road (EaStreeTerminaLane Lagoon)",1
180629,"Edgedale Plains (Blk 120A) /Edgefield Plains(Blk 112, 114, 116, 117, 118)",9
180629,"Nallur Road /Nallur Road (Hua Xin Ct) / Upp EaStreet CoaStreet Road /Upp EaStreet CoaStreet Road (EaStreeTerminaLane Lagoon)",3
180629,"Mei Ling Street (Blk 157, 160)",2
180629,"Cassia Cres (Blk 52, 54)",2
180629,"Lorong 20, 22 Geylang / Lorong 20 Geylang (#1Suites)",1
180629,"Tampines Street 12 (Blk 158) /Tampines Street 21 (Blk 248)",3
180629,"Clementi Avenue 5 (Blk 341, 381)",2
180629,"Dunman Road",2
180629,"Ho Ching Road",1
180629,"Jurong WeStreet Street 65 (Blk 618)",2
180702,"Edgedale Plains (Blk 120A) / Edgefield Plains (Blk 112, 114, 116, 117, 118)",7
180702,"Nallur Road / Nallur Road (Hua Xin Ct) / Upp EaStreet CoaStreet Road / Upp EaStreet CoaStreet Road (EaStreeTerminaLane Lagoon)",2
180702,"Mei Ling Street (Blk 157, 160)",1
180702,"Cassia Cres (Blk 52, 54)",2
180702,"Jurong WeStreet Street 65 (Blk 618)",3
180702,"Lorong 20, 22 Geylang / Lorong 20 Geylang (#1 Suites)",1
180702,"North Bridge Road (Blk 467, 468)",3
180702,"Tampines Street 12 (Blk 158) / Tampines Street 21 (Blk 248)",3
180702,"Clementi Avenue 5 (Blk 341, 381)",2
180702,"Dunman Road",2
180702,"Ho Ching Road",1
180706,"Edgedale Plains (Blk 120A) / Edgefield Plains (Blk 112, 114, 116, 117, 118)",8
180706,"Nallur Road / Nallur Road (Hua Xin Ct) / Upp EaStreet CoaStreet Road / Upp EaStreet CoaStreet Road (EaStreeTerminaLane Lagoon)",1
180706,"Cassia Cres (Blk 52, 54)",2
180706,"Jurong WeStreet Street 65 (Blk 618)",2
180706,"Choa Chu Kang North 5 (Blk 751, 754, 760)",1
180706,"Lorong 20, 22 Geylang / Lorong 20 Geylang (#1 Suites)",1
180706,"Siglap Road (Mandarin Gardens)",2
180706,"Tampines Street 12 (Blk 158) / Tampines Street 21 (Blk 248)",1
180706,"Ang Mo Kio Avenue 3 (Blk 343, 344)",2
180706,"Fernvale Road (Blk 453C) / Sengkang WeStreet Way (Blk 452A)",1
180706,"Ho Ching Road (Blk 119) / Yuan Ching Road (Lakeside Apts)",1
180709,"Edgedale Plains (Blk 120A) /Edgefield Plains (Blk 112, 114,116, 117, 118)",8
180709,"Nallur Road /Nallur Road (Hua Xin Ct) / Upp EaStreet CoaStreet Road /Upp EaStreet CoaStreet Road (EaStreeTerminaLane Lagoon)",1
180709,"Cassia Cres (Blk 52, 54)",3
180709,"Jurong WeStreet Street 65 (Blk 618)",2
180709,"Choa Chu Kang North 5 (Blk 751, 754, 760)",1
180709,"Siglap Road (Mandarin Gardens)",2
180709,"Tampines Street 12(Blk 158) /Tampines Street 21(Blk 248)",1
180709,"Ang Mo Kio Avenue 3 (Blk 343,344)",2
180709,"Evelyn Road(Residences @Evelyn) /GilStreetead Road (GilStreetead Two)",1
180709,"Fernvale Road(Blk 453C) /Sengkang WeStreet Way (Blk 452A)",1
180709,"Redhill Cl (Blk 22) / Redhill Lane(Blk 83)",2
180713,"Edgedale Plains(Blk 120A) /Edgefield Plains(Blk 112, 114, 116, 117, 118)",2
180713,"Cassia Cres (Blk 52, 54)",2
180713,"Yishun Avenue 7 /Yishun Avenue 7 (Blk 172, 173) /Yishun Ring Road/ Yishun Street 11 (Blk 123)",4
180713,"Henderson Road(Blk 91) /Redhill Cl (Blk 22) / Redhill Lane/ Redhill Lane (Blk 83)",4
180713,"Evelyn Road (Residences @Evelyn) /GilStreetead Road (GilStreetead Two)",1
180713,"Tai Seng Lk",1
180716,"Edgedale Plains (Blk 120A) /Edgefield Plains(Blk 112, 114, 116, 117, 118)",1
180716,"Cassia Cres (Blk 52, 54)",2
180716,"Henderson Road(Blk 91) /Redhill Cl (Blk 22) / Redhill Lane/ Redhill Lane (Blk 83)",2
180716,"Yishun Avenue 7 /Yishun Avenue 7 (Blk 172, 173) /Yishun Ring Road/ Yishun Street 11(Blk 123)",4
180716,"BaleStreetier Road /Martaban Road",2
180716,"Evelyn Road(Residences @Evelyn) /GilStreetead Road(GilStreetead Two)",1
180716,"Tai Seng Lk",1
180720,"Cassia Cres (Blk 52, 54)",3
180720,"Henderson Road(Blk 91) /Redhill Cl (Blk 22) / Redhill Lane/ Redhill Lane (Blk 83)",3
180720,"Yishun Avenue 7 /Yishun Avenue 7 (Blk 172, 173) /Yishun Ring Road/ Yishun Street 11 (Blk 123)",3
180720,"BaleStreetier Road /Martaban Road",2
180720,"Fajar Road (Blk 406, 407)",1
180720,"Ang Mo Kio Avenue 6 (Blk 633)",2
180720,"Jurong WeStreet Street 73 (Blk 748) /Jurong WeStreet Street 81 (Blk 854)",2
180723,"Cassia Cres (Blk 52, 54)",1
180723,"Henderson Road (Blk 91) /Redhill Cl (Blk22) / Redhill Lane/ Redhill Lane (Blk 83)",1
180723,"BaleStreetier Road /Martaban Road",1
180723,"Fajar Road (Blk 406, 407)",1
180723,"Ang Mo Kio Avenue 6 (Blk 633)",2
180723,"Jurong WeStreet Street 73 (Blk 748) /Jurong WeStreet Street 81 (Blk 854)",1
180727,"Cassia Cres (Blk 52, 54)",1
180727,"Ang Mo Kio Avenue 6 (Blk 633)",4
180727,"Canberra Cres (Blk 130B) /Canberra Lk,View",3
180727,"Tampines Street 44(Blk 463, 466, 467)",2
180727,"Jelapang Road (Blk 502, 503)",1
180727,"Jelebu Road /Lompang Road(Blk 177)",2
180727,"Yishun Avenue 7(Blk 174) /Yishun Ring Road (Blk 166)",2
180730,"Ang Mo Kio Avenue 6 (Blk 633)",4
180730,"Canberra Cres(Blk 130B) /Canberra Lk,View",4
180730,"Tampines Street 44 (Blk 463, 466, 467)",3
180730,"Jelapang Road(Blk 502, 503)",1
180730,"Jelebu Road /Lompang Road (Blk 177)",2
180730,"Woodlands Drive 75 (Blk 690B, 690C)",1
180730,"Yishun Avenue 7(Blk 174) /Yishun Ring Road (Blk 166)",2
180803,"Canberra Cres(Blk 130B) /Canberra Lk, View",2
180803,"Yishun Avenue 7 (Blk 174) /Yishun RingRoad (Blk 166)",3
180803,"Tampines Street 43 (Blk 473) /Tampines Street 44 (Blk 463, 466, 467)",3
180803,"Cassia Cres(Blk 54, 56)",2
180803,"Kim Tian Pl(Blk 120) /Kim Tian Road(Blk 119D)",2
180803,"Woodlands Drive 75 (Blk 690B, 690C)",1
180806,"Canberra Cres(Blk 130B) /Canberra Lk,View",1
180806,"Yishun Avenue 7(Blk 172, 174)/ Yishun Ring Road (Blk 166)",3
180806,"Tampines Street 44 (Blk 463, 466, 467)",2
180806,"Cassia Cres(Blk 54, 56)",2
180806,"Kim Tian Pl(Blk 120) /Kim Tian Road(Blk 119D)",2
180806,"Woodlands Drive 75 (Blk 690B,690C)",1
180810,"Tampines Street 44 (Blk 463, 466, 467)",3
180810,"Canberra Cres(Blk 130B) /Canberra Lk,View",1
180810,"Yishun Avenue 7(Blk 172, 174)/ Yishun Ring Road (Blk 166)",1
180810,"Redhill Cl(Blk 15, 89, 90)",5
180810,"Ah Hood Road(The Belleforte) /BaleStreetier Road",4
180810,"Dunman Lane(D-Mansions)/ Swanage Road",1
180810,"Green Lane /Sandy Lane",2
180810,"Jalan Rajawali(Regis Mans) /Toh Tuck Road(Signature Park)",3
180810,"Bournemouth Road /Branksome Road",2
180810,"Tampines Street 42 (Blk 455,459)",2
180813,"Canberra Cres(Blk 130B) /Canberra Lk,View",2
180813,"Tampines Street 44 (Blk 463, 466, 467)",3
180813,"Redhill Cl(Blk 15, 89, 90)",5
180813,"Ah Hood Road(The Belleforte) /BaleStreetier Road",3
180813,"Dunman Lane(D-Mansions)/ Swanage Road",1
180813,"Green Lane /Sandy Lane",1
180813,"Jalan Rajawali(Regis Mans) /Toh Tuck Road(Signature Park)",1
180813,"Tampines Street 42 (Blk 455,459)",2
180813,"Woodlands Drive 52 (Blk 623) /Woodlands Ring Road (Blk 656, 664)",1
180813,"Bournemouth Road /Branksome Road",1
180813,"Yuan Ching Road (Lakeside Apts)",1
180817,"Yishun Avenue 7(Blk 172, 173,174) / Yishun Ring Road (Blk 166)",3
180817,"Canberra Cres(Blk 130B) /Canberra Cres, Lk, View",1
180817,"Redhill Cl (Blk 15, 89, 90)",2
180817,"Dunman Lane(D-Mansions)/ Swanage Road",1
180817,"Jelapang Road (Blk 507, 520)",4
180817,"Kg Eunos(Eunos Park)",1
180817,"Woodlands Drive 52 (Blk 623) /Woodlands Ring Road (Blk 656, 664)",1
180817,"Lorong H Telok Kurau",1
180817,"Lorong J, K Telok Kurau",2
180817,"Woodlands Drive 52 (Blk 620) /Woodlands Ring Road (Blk 628B)",2
180820,"Yishun Avenue 7(Blk 172, 173, 174) / Yishun Ring Road (Blk 166)",4
180820,"Canberra Cres(Blk 130B) /Canberra Lk, View",2
180820,"Redhill Cl (Blk 15, 89, 90)",1
180820,"Dunman Lane(D-Mansions)/ Swanage Road",1
180820,"Jelapang Road(Blk 507, 520)",4
180820,"Kg Eunos(Eunos Park)",1
180820,"Woodlands Drive 52 (Blk 623) /Woodlands Ring Road (Blk 656, 664)",1
180820,"Lorong H Telok Kurau",1
180820,"Lorong J, K Telok Kurau",2
180820,"Toh Guan Road(Blk 286C)",2
180820,"Woodlands Drive 52 (Blk 620) /Woodlands Ring Road (Blk 628B)",2
180824,"Yishun Avenue 7(Blk 172, 173, 174) / Yishun Ring Road (Blk 166)",7
180824,"Canberra Cres(Blk 130B) /Canberra Cres,Lk, View",1
180824,"Joo Chiat Avenue /Lorong 110 Changi/ Lorong G, H Telok Kurau",4
180824,"Yishun Street 11(Blk 128)",4
180824,"Ah Hood Road(The Belleforte) / Jalan Dusun (Blk 104, 106)",3
180824,"Kg Eunos(Eunos Park)",1
180824,"Woodlands Drive 52 (Blk 620) /Woodlands Ring Road (Blk 628B)",1
180824,"Tampines Street 44(Blk 468, 469)",2
180824,"Tampines Street 82 (Blk 842C, 842H)",2
180827,"Yishun Avenue 7(Blk 172, 173,174) / Yishun Ring Road (Blk 166)",7
180827,"Canberra Cres (Blk 130B) /Canberra Cres, Lk, View",1
180827,"Joo Chiat Avenue /Lorong 110 Changi/ Lorong G, H Telok Kurau",3
180827,"Yishun Street 11(Blk 128, 132)",5
180827,"Ah Hood Road(The Belleforte) / Jalan Dusun (Blk 104,106)",4
180827,"Kg Eunos(Eunos Park)",1
180827,"Woodlands Drive 52 (Blk 620) /Woodlands Ring Road (Blk 628B)",1
180827,"Tampines Street 44(Blk 468, 469)",2
180827,"Tampines Street 82(Blk 842C, 842H)",1
180831,"Yishun Avenue 7(Blk 172, 173,174) / Yishun Ring Road (Blk 166)",13
180831,"Yishun Street 11(Blk 122, 124,128, 132)",8
180831,"Jalan Gajus /Seraya Lane, Road",2
180831,"Toh Tuck Road(The Beverly)",4
180831,"Woodlands Drive 52 (Blk 619, 620) /Woodlands Ring Road (Blk 628B)",1
180831,"Jalan Leban",3
180831,"Tampines Street 44(Blk 468, 469,4 72)",2
180831,"Yuan Ching Road(Lakeside Apts,Park View Mans)",1
180831,"Bt Batok Street 21(Blk 206, 208)",1
180831,"Canberra Cres /Canberra Walk (Blk 115C)",2
180831,"Lorong G Telok Kurau / Lorong G Telok Kurau(Palm ViStreeta)",2
180831,"Tampines Street 82(Blk 842C,842H)",1
180903,"Yishun Avenue 7(Blk 172, 173, 174) / Yishun Ring Road (Blk 166)",5
180903,"Yishun Street 11(Blk 122, 124, 128, 132)",7
180903,"Jalan Gajus /Seraya Lane, Road",2
180903,"Toh Tuck Road(The Beverly)",4
180903,"Jalan Leban",3
180903,"Tampines Street 44(Blk 468, 469, 472)",1
180903,"Yuan Ching Road(Lakeside Apts,Park View Mans)",1
180903,"Bt Batok Street 21(Blk 206, 208)",1
180903,"Canberra Cres /Canberra Walk(Blk 115C)",2
180903,"Lorong G Telok Kurau / Lorong G Telok Kurau(Palm ViStreeta)",2
180907,"Yishun Avenue 7(Blk 172, 173, 174) / Yishun Ring Road (Blk 166)",12
180907,"Yishun Street 11(Blk 122, 124, 128, 132)",7
180907,"Jalan Gajus /Seraya Lane, Road", 3
180907,"Jalan Leban",1
180907,"Toh Tuck Road(The Beverly)",3
180907,"Bishan Street 13(Blk 171, 172)",3
180907,"Bloxhome Drive /CrowhurStreet Drive",3
180907,"Bt Batok Street 21(Blk 206, 208)",1
180907,"Canberra Cres /Canberra Walk(Blk 115C)",2
180907,"Woodlands Avenue 6 (Blk 627) /Woodlands Ring Road (Blk 628B)",2
180910,"Yishun Avenue 7(Blk 172, 173, 174) / Yishun Ring Road (Blk 166)",12
180910,"Yishun Street 11(Blk 122, 124,128, 132)",5
180910,"Jalan Gajus /Seraya Lane, Road",1
180910,"Jalan Leban",1
180910,"Bishan Street 13(Blk 170, 171, 172)",4
180910,"Toh Tuck Road(The Beverly)",1
180910,"Bloxhome Drive /CrowhurStreet Drive",2
180910,"Bt Batok Street 21(Blk 206, 208)",2
180910,"Vaughan Road",1
180910,"Woodlands Avenue 6 (Blk 627) /Woodlands Ring Road (Blk 628B)",1
180914,"Canberra Drive(Eight CourtyaRoads) /Yishun Avenue 7 /Yishun Avenue 7(Blk 172, 173,174) / Yishun Ring Road (Blk 120, 165, 166)",15
180914,"Yishun Street 11(Blk 122, 124, 128, 132)",2
180914,"Bishan Street 11(Bishan Loft) /Bishan Street 13 (Blk 170, 171, 172)",4
180914,"Bloxhome Drive /CrowhurStreet Drive",3
180914,"Canberra Drive (1 Canberra)",4
180914,"Vaughan Road 3",3
180914,"Redhill CI (Blk 16, 89, 90)",3
180914,"Woodlands Avenue 6(Blk 627) /Woodlands Ring Road (Blk 628B)",1
180914,"Hougang Street 11(The Minton)",2
180914,"Jurong EaStreet Street 21(Blk 223A, 228)",2
180914,"Seagull Walk /Upp Changi Road EaStreet (Cascadale)",2
180917,"Canberra Drive(Eight CourtyaRoads) /Yishun Avenue 7 /Yishun Avenue 7(Blk 171, 172, 173, 174) /Yishun Ring Road(Blk 120, 165,166)",12
180917,"Yishun Street 11 (Blk 122, 124, 128,131, 132)",2
180917,"Bishan Street 11 (Bishan Loft) /Bishan Street 13 (Blk 170, 171, 172)",2
180917,"Canberra Drive (1 Canberra)",3
180917,"Vaughan Road",1
180917,"Woodlands Avenue 6(Blk 627) /Woodlands Ring Road (Blk 628B)",1
180917,"Hougang Street 11(The Minton)",1
180917,"Jurong EaStreet Street 21 (Blk 223A, 228)",1
180917,"Seagull Walk /Upp Changi RoadEaStreet (Cascadale)",1
180921,"Canberra Drive (1 Canberra, Eight CourtyaRoads) /Yishun Avenue 7 /Yishun Avenue 7(Blk 170, 171,172, 173, 174) /Yishun Ring Road(Blk 120, 165, 166)",17
180921,"Yishun Street 11 (Blk122, 124, 128, 131, 132)",2
180921,"Lorong Biawak /Serangoon Avenue 2(Sunglade) /Vaughan Road",3
180921,"Bt Timah Road / Bt Timah Road(Madison Residences) /Keng Chin Road(Cyan)",1
180921,"Prince George's Park",2
180921,"Serangoon Avenue 3(Blk 328, 331)",2
180921,"Jurong EaStreet Street 21(Blk 223A, 228)",1
180921,"Woodlands Drive 52(Blk 620)",2
180925,"Canberra Drive (1 Canberra, Eight CourtyaRoads) /Yishun Avenue 7 /Yishun Avenue 7(Blk 170, 171, 172, 173, 174) /Yishun Ring Road(Blk 120, 165,166)",10
180925,"Yishun Street 11 (Blk 122, 124, 128,131, 132)",2
180925,"Lorong Biawak /Serangoon Avenue 2(Sunglade) /Vaughan Road",4
180925,"Woodlands Circle(Blk 732, 733)",3
180925,"Bt Timah Road / Bt Timah Road(Madison Residences) /Keng Chin Road(Cyan)",1
180925,"How Sun Drive /Lorong Ong Lye(Casa Rosa)",2
180925,"Jalan Leban",2
180925,"Prince George's Park",2
180925,"Serangoon Avenue 1(Blk 401, 408)",1
180925,"Serangoon Avenue 3(Blk 328, 331)",2
180925,"Tah Ching Road(Blk 321, 332)",2
180925,"Woodlands Drive 52(Blk 620)2 2 Woodlands Driveive",2
180925,"Yishun Street 21 (Blk 214, 215)",2
180928,"Canberra Drive (1 Canberra, Eight CourtyaRoads) /Yishun Avenue 7 /Yishun Avenue 7(Blk 170, 171, 172, 173, 174) /Yishun Ring Road(Blk 120, 165,166)",7
180928,"Woodlands Circle(Blk 728, 732, 733)",4
180928,"Bt Timah Road / Bt Timah Road(Madison Residences) /Keng Chin Road(Cyan)",1
180928,"Green Lane / Rose Lane",2
180928,"Jalan Leban",2
180928,"Lorong H Telok Kurau / Telok Kurau Road",2
180928,"Prince George's Park",2
180928,"Serangoon Avenue 3(Blk 328, 331)",2
180928,"Tah Ching Road(Blk 321, 332)",2
180928,"Woodlands Drive 52(Blk 620)",2
180928,"Yishun Street 21 (Blk 214, 215)",2
181001,"Canberra Drive (1 Canberra, Eight CourtyaRoads) /Yishun Avenue 7 /Yishun Avenue 7(Blk 170, 171, 172, 173, 174) /Yishun Ring Road (Blk 120, 165, 166)",3
181001,"Woodlands Circle (Blk 728,732, 733)",4
181001,"Jalan Leban",3
181001,"Green Lane / Rose Lane",2
181001,"Lorong H Telok Kurau / Telok Kurau Road",1
181001,"Prince George's Park",1
181001,"Tah Ching Road (Blk 321, 332)",2
181001,"Woodlands Avenue 5 (Bellewoods) /Woodlands Avenue",2
181001,"Woodlands Drive 52 (Blk 620)",1
181001,"Yishun Street 21(Blk 214, 215)",1
181005,"Woodlands Circle (Blk 728, 732, 733)",3
181005,"Woodlands Cres (Blk 787B, 788B) /Woodlands Drive 60 (Blk 786B,786D)",3
181005,"Jalan Leban",1
181005,"Redhill Cl (Blk 89, 90)",2
181005,"Yishun Avenue 7(Blk 174, 175)/ Yishun Ring Road (Blk 167)",3
181005,"Yishun Street 21(Blk 214, 215, 216)",1
181005,"Choa Chu Kang Avenue 2 /Choa Chu Kang Avenue 2(Blk 275)",1
181005,"Jalan Tarum /Thomson Walk",2
181005,"Pasir Ris Drive 10(Blk 703, 737)",2
181005,"Woodlands Avenue 5(Bellewoods) /Woodlands Avenue 6 (Twin Fountains)",2
181008,"Woodlands Circle (Blk 728, 729, 732, 733)",3
181008,"Woodlands Cres (Blk 787B, 788B) /Woodlands Drive 60 (Blk 786B,786D)",1
181008,"Eng Kong Cres, Gdn",1
181008,"Jalan Leban",1
181008,"Redhill Cl (Blk 89, 90)",2
181008,"Yishun Avenue 7(Blk 174, 175)/ Yishun Ring Road (Blk 167)",3
181008,"Yishun Street 21(Blk 214, 215, 216)",1
181008,"Choa Chu Kang Avenue 2 /Choa Chu Kang Avenue 2(Blk 275)",1
181008,"Jalan Tarum /Thomson Walk",2
181008,"Pasir Ris Drive 10( Blk 703, 737)",1
181008,"Woodlands Avenue 5(Bellewoods) /Woodlands Avenue 6 (Twin Fountains)",1
181012,"Woodlands Circle /Woodlands Circle (Blk 728, 729, 732,733)",4
181012,"Eng Kong Cres, Gdn",3
181012,"Jalan Gelenggang, Tarum /Sembawang Hills Drive /Thomson Walk",3
181012,"Yishun Street 21(Blk 214, 215,216)",2
181012,"Bt Batok Street 21/ Bt Batok Street 21 (Blk 212,215)",2
181012,"Redhill Cl (Blk 89, 90)",1
181012,"Tah Ching Road (Blk 321, 332)",1
181012,"Yishun Avenue 7(Blk 174, 175)/ Yishun Ring Road (Blk 167)",2
181012,"Bishan Street 11(Bishan Loft)",2
181012,"Jalan Tenaga(Blk 658)",1
181015,"Woodlands Circle /Woodlands Circle (Blk 728, 729, 732,733)",3
181015,"Eng Kong Cres, Gdn",3
181015,"Jalan Gelenggang,Tarum /Sembawang Hills Drive /Thomson Walk",3
181015,"Yishun Street 21(Blk 214, 215, 216)",2
181015,"Jalan Tenaga (Blk 657, 658)",3
181015,"Bt Batok Street 21/ Bt Batok Street 21 (Blk 212, 215)",2
181015,"Redhill Cl (Blk 89, 90)",1
181015,"Tah Ching Road(Blk 321, 332)",1
181015,"Woodlands Avenue 5 (Bellewoods)",1
181015,"Bishan Street 11 (Bishan Loft)",2
181015,"Bukit Batok Street 21 (Blk 201, 206)",2
181019,"Jalan Damai (Blk 665) / Jalan Tenaga (Blk 656, 657, 658)",8
181019,"Eng Kong Cres, Gdn",3
181019,"Jalan Gelenggang,Tarum /Sembawang Hills Drive /Thomson Walk",2
181019,WoodlandsAvenue 5(Bellewoods) /Woodlands,3
181019,"WoodlandsCres (Blk787C, 787D)",5
181019,Bishan Street 11(Bishan Loft),3
181019,"Bukit Batok Street21 (Blk 201,206)",3
181019,"Bayshore Road(Bayshore Park,The Bayshore)",2
181022,"Jalan Damai (Blk665) / JalanTenaga (Blk656, 657, 658)",5
181022,"Eng KongCres, Gdn",1
181022,"JalanGelenggang,Tarum /SembawangHills Drive /Thomson Walk",1
181022,"Woodlands Avenue 5 (Bellewoods) /Woodlands",3
181022,"Woodlands Cres (Blk 787C, 787D)",4
181022,"Bishan Street 11(Bishan Loft)",3
181022,"Bt Batok Street 21(Blk 201, 206)",1
181022,"Bayshore Road(Bayshore Park, The Bayshore)",2
181022,"Holland Hill(Parvis) / Jalan Hitam Manis",2
181026,"Jalan Damai (Blk 665) / Jalan enaga (Blk 656, 657, 658)",7
181026,"Ang Mo Kio Avenue 2 / Jalan Gelenggang,Kuras, Tarum /Sembawang Hills Drive /Thomson Walk",4
181026,"Woodlands Circle (Blk 730, 733, 738)/ Woodlands Drive 70 (Blk 714)",7
181026,"Woodlands Cres(Blk 787B, 787C, 787D,787E)",5
181026,"Pasir Ris Street 51(Blk 551, 552,556)",2
181026,"Holland Hill(Parvis) / Jalan Hitam Manis,Kelabu Asap",3
181026,"Macpherson Road/ Siang Kuang Avenue",2
181026,"Yishun Ring Road/ Yishun Ring Road (Blk 794)",2
181029,"Jalan Damai (Blk 665) / Jalan Tenaga (Blk 645, 650, 656, 657, 658)",8
181029,"Ang Mo Kio Avenue 2 / Jalan Gelenggang, Kuras, Tarum /Sembawang Hills Drive /Thomson Walk",4
181029,"Woodlands Circle (Blk 730, 731, 733, 738) /Woodlands Drive 70 (Blk 714)",8
181029,"Woodlands Cres(Blk 787B,787C, 787D,787E)",6
181029,"Pasir Ris Street 51(Blk 551, 552, 556)",2
181029,"Holland Hill(Parvis) / Jalan Hitam Manis,Kelabu Asap",3
181029,"Macpherson Road/ Siang Kuang Avenue",2
181029,"Amber Road (The Sea View, The Shore Residences)",2
181029,"Seletar North Lk",2
181029,"Yishun Ring Road/ Yishun Ring Road (Blk 794)",2
181102,"Jalan Damai (Blk 665) / Jalan Tenaga (Blk 645, 650, 656,657, 658)",13
181102,"Woodlands Circle (Blk 730,731, 733, 738) /Woodlands Drive 70 (Blk 714)",7
181102,"Woodlands Cres(Blk 787B,787C, 787D,787E)",6
181102,"Pasir Ris Street 51(Blk 551, 552,556)",3
181102,"Macpherson Road/ Siang Kuang Avenue",2
181102,"Seletar North Lk",1
181102,"AlexanDrivea Road(The Anchorage)",2
181102,"Amber Road (The Sea View, The Shore Residences)",2
181102,"Bedok Reservior Road (Blk 136)",1
181102,"Bedok South Avenue 1 (Casafina)/ Upp EaStreet CoaStreet Road",2
181102,"Joo Seng Road(Blk 8, 14)",2
181102,"Jurong WeStreet Street 65 (Blk 671C,672A)",2
181102,"Toh Tuck Road(Goodluck Gdn,Signature Park)",2
181105,"Jalan Damai (Blk665) / Jalan Tenaga (Blk 645, 650, 656, 657, 658)",12
181105,"Woodlands Circle (Blk 730,731, 733, 738) /Woodlands Drive 70 (Blk 714)",5
181105,"Woodlands Cres(Blk 787B,787C, 787D,787E)",4
181105,"Pasir Ris Street51 (Blk 551, 552, 556)",1
181105,"Kaki Bt Ind Terminal / Kaki Bt Road 1, 3",3
181105,"MacphersonRoad / Siang Kuang Avenue",1
181105,"Seletar North Lk",1
181105,"AlexanDrivea Road (The Anchorage)",2
181105,"Amber Road(The Sea View, The Shore Residences)",2
181105,"Bedok Reservior Road (Blk 136)",1
181105,"Bedok South Avenue 1(Casafina) /Upp EaStreet CoaStreet Road",1
181105,"Joo SengRoad (Blk 8,14)",2
181105,"JurongWeStreet Street 65(Blk 671C,672A)",1
181105,"Toh Tuck Road(Goodluck Gdn,Signature Park)",2
181116,"Bedok Reservoir Road (Blk 124) / Jalan Damai (Blk 662, 665, 667) /Jalan Tenaga (Blk 645, 648, 650,655, 656, 657, 658, 659, 660) /Kaki Bt Cres /Kaki Bt Road 3",6
181116,"Woodlands Circle(Blk 726, 729,730, 733, 734,737, 738, 739) /Woodlands Drive 70(Blk 714)",5
181116,"Woodlands Cres(Blk 787B, 787C,787D, 787E,788B, 788C) /Woodlands Drive 60(Blk 786C, 786F)",5
181116,"Jalan Jurong Kechil/ Lorong Pisang Asam, Emas,Raja",10
181116,"Eng Kong Terminal /Toh Yi Drive, Road",6
181116,"Kaki Bt Ind Terminal /Kaki Bt Road 1, 3",3
181116,"Woodlands Avenue 6(Twin Fountains)/ Woodlands Drive16 (ForeStreetville)",3
181116,"Amber Gardens(The EStreeta) /Amber Road (The Sea View, The Shore Residences)",1
181116,"Bishan Street 12 (Blk 101, 102, 103)",2
181116,"Bishan Street 13 /Bishan Street 13 (Blk 168)",3
181116,"Toh Tuck Road(Goodluck Gdn, Signature Park)",1
181116,"EaStreetwood Drive",2
181116,"Riverina View",2
181116,"Rivervale Drive(Blk 124A) /Rivervale Street (Blk 140)",2
181119,"Bedok Reservoir Road (Blk 124) / Jalan Damai (Blk 662, 665, 667) /Jalan Tenaga (Blk 645, 648, 650,655, 656, 657, 658, 659, 660) /Kaki Bt Cres /Kaki Bt Road 3",4
181119,"Woodlands Circle(Blk 726, 729, 730, 733, 734,737, 738, 739) /Woodlands Drive 70(Blk 714)",5
181119,"Woodlands Cres(Blk 787B, 787C,787D, 787E,788B, 788C) /Woodlands Drive 60(Blk 786C, 786F)",2
181119,"Jalan Jurong Kechil/ Lorong Pisang Asam, Emas,Raja",7
181119,"Eng Kong Terminal /Toh Yi Drive, Road",8
181119,"Kaki Bt Ind Terminal /Kaki Bt Road 1, 3",3
181119,"EaStreetwood Drive",5
181119,"Woodlands Avenue 6(Twin Fountains)/ Woodlands Drive 16 (ForeStreetville)",3
181119,"Amber Gardens(The EStreeta) /Amber Road (The Sea View, The Shore Residences)",1
181119,"Bishan Street 12 (Blk101, 102, 103)",2
181119,"Bishan Street 13 /Bishan Street 13 (Blk 168)",3
181119,"Pasir Ris Drive 1(Blk 637)",1
181119,"Redhill Cl (Blk 68, 70)",2
181119,"Riverina View",2
181119,"Rivervale Drive(Blk 124A) /Rivervale Street (Blk 140)",2
181123,"Bedok Reservoir Road (Blk 124) / Jalan Damai (Blk 662, 665, 667) /Jalan Tenaga (Blk 645, 648, 650, 655, 656, 657 ,658, 659, 660) /Kaki Bt Cres /Kaki Bt Road 3",5
181123,"Woodlands Circle(Blk 726, 728, 729, 730, 733,734, 735, 737,738, 739) /Woodlands Drive 70(Blk 714)",9
181123,"Chun Tin Road / Jalan Jurong Kechil /Lorong Pisang Asam, Emas, Raja,Udang / Yuk Tong Avenue",13
181123,"Woodlands Cres(Blk 787B, 787C, 787D, 787E,788B, 788C) /Woodlands Drive 60(Blk 786C, 786F)",4
181123,"Eng Kong Terminal /Lorong Kismis(Kismis View) /Toh Yi Drive, Road",7
181123,"EaStreetwood Drive / Jalan Greja",7
181123,"Bedok Reservoir Road (Blk 135, 136,139, 142)",3
181123,"Pasir Ris Street 51(Blk 541, 544, 553)",3
181123,"Tah Ching Road(Blk 329, 332, 338A)",2
181123,"Elias Road (Blk 614) / Pasir Ris Drive 1 (Blk 637)",2
181123,"Bt Batok Street 11(Blk 141) / Bt Batok WeStreet Avenue 6(Blk 136)",2
181123,"Farrer Road (Gallop Gables) /Woollerton Park(Woollerton Park)",2
181123,"Nallur Road",1
181123,"Punggol Drive (Blk 663A, 664A)",1
181123,"Redhill Cl (Blk 68, 70)",2
181123,"Riverina View",2
181126,"Bedok Reservoir Road (Blk 124) / Jalan Damai (Blk 662, 665, 667) /Jalan Tenaga (Blk 645, 648, 650, 655, 656, 657,658, 659, 660) /Kaki Bt Cres /Kaki Bt Road 3",3
181126,"Woodlands Circle(Blk 726, 728,729, 730, 733, 734, 735, 737,738, 739) /Woodlands Drive 70(Blk 714)",9
181126,"Chun Tin Road / Jalan Jurong Kechil /Lorong Pisang Asam,Emas, Hijau,Raja, Udang /Yuk Tong Avenue",11
181126,"Woodlands Cres(Blk 787B, 787C,787D, 787E, 788B, 788C) /Woodlands Drive 60(Blk 786C, 786F)",4
181126,"Eng Kong Terminal /Lorong Kismis(Kismis View) /Toh Yi Drive, Road",7
181126,"EaStreetwood Drive / Jalan Greja",4
181126,"Bedok Reservoir Road (Blk 135, 136, 139, 142)",4
181126,"Pasir Ris Street 51(Blk 541, 544, 553)",3
181126,"Tah Ching Road(Blk 329, 332,338A)",1
181126,"Elias Road (Blk 614) / Pasir Ris Drive 1 (Blk 637)",1
181126,"Bt Batok Street 11(Blk 141) / BtBatok WeStreet Avenue 6(Blk 136)",1
181126,"Farrer Road (Gallop Gables) /Woollerton Park(Woollerton Park)",1
181126,"Hougang Street 91(Blk 909, 915)",1
181126,"Nallur Road",1
181126,"Punggol Drive (Blk 663A, 664A)",1
181126,"Redhill Cl (Blk 68, 70)",1
181130,"Bedok Reservoir Road (Blk 124) / Jalan Damai (Blk 662, 665, 667) / Jalan Tenaga (Blk 645, 648, 650, 655, 656, 657, 658, 659, 660) /Kaki Bt Cres / Kaki Bt Road 3",3
181130,"Woodlands Circle (Blk 726, 728,729, 730, 733,734, 735, 737, 738, 739) /Woodlands Drive 70(Blk 714)",7
181130,"Chun Tin Road / Jalan Jurong Kechil /Lorong Pisang Asam, Emas, Hijau, Raja,Udang / Yuk Tong Avenue",8
181130,"EaStreetwood Drive,Green, Pl, Terminal,Way / Jalan Greja",11
181130,"Cheng Soon Cres /Eng Kong Terminal /Lorong Kismis(Kismis View) /Toh Yi Drive, Road",5
181130,"Bedok Reservoir Road (Blk 135, 136, 137, 139, 142)",7
181130,"Pasir Ris Street 51(Blk 541, 543, 544, 553)",3
181130,"Tah Ching Road (Blk 329, 332, 338A)",1
181130,"Choa Chu Kang Street 51 (Blk 504, 513)",2
181130,"Gangsa Road (Blk 153, 154)",2
181130,"Goldhill Avenue, Drive",2
181130,"Hougang Street 91(Blk 909, 915)",1
181130,"Jurong WeStreet Street 91(Blk 909, 915)",1
181130,"Lorong Ah Soo (Blk 134, 135)",2
181130,"Woo Mon Chew Road",2
181130,"Woodlands Avenue 4(Blk 610) /Woodlands Drive 50(Blk 899B)",2
181130,"Yishun Street 22 (Blk 262, 269A)",2
181203,"Bedok Reservoir Road (Blk 124) / Jalan Damai (Blk662, 665, 667) /Jalan Tenaga (Blk 645, 648, 650,655, 656, 657,658, 659, 660) /Kaki Bt Cres /Kaki Bt Road 3",3
181203,"Woodlands Circle(Blk 726, 728,729, 730, 733,734, 735, 737, 738, 739) /Woodlands Drive 70(Blk 714)",2
181203,"Chun Tin Road / Jalan Jurong Kechil /Lorong Pisang Asam, Emas, Hijau, Raja, Udang / Yuk Tong Avenue",5
181203,"EaStreetwood Drive,Green, Pl, Terminal, Way / Jalan Greja",7
181203,"Cheng Soon Cres /Eng Kong Terminal /Lorong Kismis(Kismis View) /Toh Yi Drive, Road",5
181203,"Bedok Reservoir Road (Blk 135, 136, 137, 139, 142)",5
181203,"Pasir Ris Street 51(Blk 541, 543, 544, 553)",3
181203,"Tah Ching Road (Blk 329, 332, 338A)",1
181203,"Choa Chu Kang Street 51 (Blk 504, 513)",2
181203,"Gangsa Road (Blk 153, 154)",2
181203,"Goldhill Avenue, Drive",2
181203,"Hougang Street 91(Blk 909, 915)",1
181203,"Jurong WeStreet Street 91 (Blk 909, 915)",1
181203,"Lorong Ah Soo (Blk 134, 135)",2
181203,"Woo Mon Chew Road",2
181203,"Woodlands Avenue 4(Blk 610) /Woodlands Drive 50(Blk 899B)",2
181203,"Yishun Street 22 (Blk 262, 269A)",2
181207,"Woodlands Avenue 6(Blk 724) /Woodlands Circle(Blk 726, 728,729, 730, 733,734, 735, 737, 738, 739) /Woodlands Drive 70(Blk 714)",3
181207,"Chun Tin Road / JalanJurong Kechil /Lorong Pisang Asam, Emas, Hijau,Raja, Udang /Yuk Tong Avenue",6
181207,"EaStreetwood Drive,Green, Pl, Terminal,Way / Jalan Greja /Pesari Walk /Taman Bedok",8
181207,"Cheng Soon Cres/ Eng Kong Terminal /Lorong Kismis(Kismis View) /Toh Yi Drive, Road",2
181207,"Bedok Reservoir Road (Blk 135, 136,137, 139, 142, 145)",5
181207,"Gangsa Road (Blk 153, 154) / Hazel Park Terminal (Hazel Park Condo)",4
181207,"Kaki Bt Ind Terminal",4
181207,"Jurong WeStreet Street 91(Blk 909, 915) /Jurong WeStreet Street 92(Blk 929)",2
181207,"AlexanDrivea Road(The Anchorage)",1
181207,"Goldhill Avenue, Drive",1
181207,"Jalan MaStreetuli / Jalan Pelikat",1
181207,"Tampines Street 42(Blk 446, 449) /Tampines Street 43(Blk 434)",2
181207,"Choa Chu Kang Street 51 (Blk 504, 513)",2
181207,"Mergui Road(Mergui Mans)",2
181207,"Woodlands Avenue 4(Blk 610) /Woodlands Drive 50(Blk 899B)",1
181207,"Yishun Ind Street 1 /Yishun Street 22 (Blk 269A)",2
181210,"Woodlands Avenue 6(Blk 724) /Woodlands Circle(Blk 726, 728,729, 730, 733, 734, 735, 737,738, 739) /Woodlands Drive 70(Blk 714)",3
181210,"Chun Tin Road / Jalan Jurong Kechil /Lorong Pisang Asam,Emas, Hijau,Raja, Udang /Yuk Tong Avenue",8
181210,"EaStreetwood Drive,Green, Pl, Terminal,Way / Jalan Greja /Pesari Walk /Taman Bedok",9
181210,"Cheng Soon Cres/ Eng Kong Terminal /Lorong Kismis(Kismis View) /Toh Yi Drive, Road",2
181210,"Bedok Reservoir Road (Blk 135, 136, 137, 139, 142,145)",5
181210,"Gangsa Road (Blk 153, 154) / HazelPark Terminal (Hazel Park Condo)",4
181210,"Kaki Bt Ind Terminal",4
181210,"Jurong WeStreet Street 91(Blk 909, 915) /Jurong WeStreet Street 92(Blk 929)",2
181210,"AlexanDrivea Road(The Anchorage)",1
181210,"Goldhill Avenue, Drive",1
181210,"Jalan MaStreetuli / Jalan Pelikat",1
181210,"Tampines Street 42(Blk 446, 449) /Tampines Street 43(Blk 434)",2
181210,"Cashew Road (Blk 130, 133)",2
181210,"Hougang Avenue 1(Blk 238) / Jalan Lepas",2
181210,"Kaki Bt Avenue 1",2
181210,"Mergui Road(Mergui Mans)",2
181210,"Woodlands Avenue 4 (Blk 610) /Woodlands Drive 50(Blk 899B)",1
181210,"Yishun Ind Street 1 /Yishun Street 22 (Blk 269A)",2
181214,"Chun Tin Road / Jalan Jurong Kechil /Lorong Pisang Asam,Emas, Hijau,Raja, Udang /Yuk Tong Avenue",5
181214,"EaStreetwood Drive,Green, Pl, Terminal,Way / Jalan Greja / Pesari Walk /Taman Bedok",6
181214,"Bedok Reservoir Road (Blk 132, 135,136, 137, 138, 139, 142, 145)",6
181214,"Kaki Bt Ind Terminal",4
181214,"Jurong WeStreet Street 91 (Blk 909, 913,915) / Jurong WeStreet Street 92 (Blk 929)",5
181214,"Gangsa Road (Blk 153, 154) / HazelPark Terminal (Hazel Park Condo)",1
181214,"Senoko Cres, Drive,Road",4
181214,"Pandan Gardens(Blk 411, 414)",3
181214,"Woodlands Drive 60(Blk 786B, 786E,786F)",3
181214,"Yishun Avenue 6(Lilydale) /Yishun Avenue 11(Blk 418) /Yishun Street 42",1
181214,"Aljunied Cres(Blk 106, 110,112)",1
181214,"Hougang Avenue 5(Blk 319, 320,324)",2
181214,"Jalan MaStreetuli / Jalan Pelikat",1
181214,"Jalan Tenaga (Blk 651, 652, 654)",3
181214,"Tampines Street 42(Blk 446, 449) /Tampines Street 43(Blk 434)",1
181214,"Woodlands Street 41(Blk 421)",2
181214,"Cashew Road (Blk 130, 133)",1
181214,"Hougang Avenue 1(Blk 238) / Jalan Lepas",2
181214,"Kaki Bt Avenue 1",1
181214,"Mergui Road(Mergui Mans)",1
181217,"Chun Tin Road /Jalan Jurong Kechil / Lorong Pisang Asam, Emas, Hijau,Raja, Udang /Yuk Tong Avenue",3
181217,"EaStreetwood Drive,Green, Pl, Terminal,Way / Jalan Greja /Pesari Walk /Taman Bedok",3
181217,"Bedok Reservoir Road (Blk 131,132, 135, 136,137, 138, 139, 142, 145)",6
181217,"Jurong WeStreet Street 91 (Blk 909,913, 915) /Jurong WeStreet Street 92 (Blk 929)",6
181217,"Kaki Bt Ind Terminal",3
181217,"Gangsa Road (Blk 153, 154) /Hazel Park Terminal(Hazel Park Condo)",1
181217,"Pandan Gardens(Blk 411, 414)",4
181217,"Senoko Cres, Drive, Road",2
181217,"Jalan Damai (Blk 667) / Jalan Tenaga (Blk 651, 652, 654)",3
181217,"Woodlands Drive 60 (Blk 786B, 786E, 786F)",3
181217,"Yishun Avenue 6(Lilydale) /Yishun Avenue 11(Blk 418) /Yishun Street 42",1
181217,"Hougang Avenue 5(Blk 319, 320, 324)",2
181217,"Woodlands Street 41(Blk 421)",2
181217,"AlexanDrivea Road(The Anchorage)",2
181217,"Cashew Road (Blk 130, 133)",1
181217,"Kaki Bt Avenue 1",1
181217,"Macpherson Road/ Siak Kew Avenue",2
181217,"Mergui Road(Mergui Mans)",1
181221,"Chun Tin Road /Jalan Jurong Kechil / Lorong Pisang Asam,Emas, Hijau, Raja, Udang /Yuk Tong Avenue",1
181221,"EaStreetwood Drive, Green, Pl, Terminal,Way / Jalan Greja / Pesari Walk / Taman Bedok",2
181221,"Bedok Reservoir Road(Blk 128, 131,132, 135, 136,137, 138, 139, 142, 144, 145,147, 622, 628)",12
181221,"Kaki Bt Ind Terminal",6
181221,"Jurong WeStreet Street 91 (Blk 909, 913, 915)/ Jurong WeStreet Street 92 (Blk 929)",3
181221,"Gangsa Road (Blk 153, 154)/ Hazel Park Terminal(Hazel Park Condo)",2
181221,"Pandan Gardens(Blk 411, 414)",5
181221,"Senoko Cres,Drive, Road",2
181221,"Jalan Damai(Blk 664, 667)/ Jalan Tenaga(Blk 651, 652, 654)",4
181221,"Hougang Avenue 5 (Blk 308,319, 320, 324)",3
181221,"Carlisle Road /HertfoRoad Road(Vanadium)",3
181221,"Jalan Kuang /Jalan Pergam /Upp Changi Road EaStreet(SunhAvenuen)",3
181221,"Woodlands Drive 60 (Blk 786B, 786E, 786F)",2
181221,"Ang Mo Kio Avenue 5 / SerangoonNorth Avenue 4(Blk 532) /Serangoon North Avenue 5",1
181221,"Corporation Road (Parc ViStreeta) /Jurong WeStreet Street 52 (Blk 517C, 518)",1
181221,"Serangoon Avenue 1(Blk 403, 408)/ Serangoon Ctrl (Blk 412)",1
181221,"Ubi Avenue 1,Cres, Road 1",1
181221,"Yishun Ind Street 1 / Yishun Street 22 (Blk 269A)",1
181221,"AlexanDrivea Road(The Anchorage)",2
181221,"Bedok Road /Bedok Road(Country Park Condo)",1
181221,"Bt Batok WeStreet Avenue 9 (Blk 448A, 448C)",2
181221,"Choa Chu Kang North 5(Blk 757) /Choa Chu Kang Street 53(Blk 701)",2
181221,"Hougang Street21 (Blk 211,231)",2
181221,"Lorong Kismis /Lorong Kismis(Kismis View)",1
181221,"Lorong Marzuki",2
181221,"Macpherson Road / Siak Kew Avenue",2
181221,"Toh Guan Road(Blk 273, 274)",1
181221,"Woodlands Drive 14 (Blk 521, 523)",2
181221,"Woodlands Street 81 (Blk 804, 806)",2
181224,"EaStreetwood Drive,Green, Pl, Terminal, Way / Jalan Greja / Pesari Walk / Taman Bedok",2
181224,"Bedok Reservoir Road(Blk 128, 130,131, 132, 135,136, 137, 138,139, 142, 144,145, 147, 622, 628)",12
181224,"Kaki Bt Ind Terminal",3
181224,"Pandan Gardens(Blk 411, 414)",4
181224,"Gangsa Road(Blk 153, 154)/ Hazel Park Terminal(Hazel Park Condo)",2
181224,"Senoko Cres, Drive, Road",2
181224,"Jalan Damai(Blk 664, 667)/ Jalan Tenaga(Blk 651, 652, 654)",3
181224,"Hougang Avenue 5 (Blk 308, 319, 320, 324)",2
181224,"Carlisle Road /HertfoRoad Road(Vanadium)",2
181224,"Jalan Kuang /Jalan Pergam /Upp Changi Road EaStreet(SunhAvenuen)",2
181224,"Woodlands Drive 60 (Blk 786B, 786E, 786F)",1
181224,"Corporation Road (Parc ViStreeta) / Jurong WeStreet Street 52 (Blk 517C,518)",1
181224,"Serangoon Avenue 1(Blk 403, 408)/ Serangoon Ctrl(Blk 412)",1
181224,"Ubi Avenue 1,Cres, Road 1",1
181224,"Woodlands Street 82 (Blk 848, 849)",2
181224,"Yishun Ind Street 1 / Yishun Street 22 (Blk 269A)",1
181224,"AlexanDrivea Road (The Anchorage)",2
181224,"Bedok Road /Bedok Road (Country Park Condo",1
181224,"Bt Batok WeStreet Avenue 9 (Blk 448A, 448C)",2
181224,"Choa Chu Kang North 5(Blk 757) /Choa Chu Kang Street 53(Blk 701)",2
181224,"Hougang Street21 (Blk 211, 231)",2
181224,"Jurong WeStreet Avenue 5 (Blk 729) / Jurong WeStreet Street 72(Blk 731)",2
181224,"Lorong Kismis /Lorong Kismis(Kismis View)",1
181224,"Lorong Marzuki",2
181224,"Macpherson Road / Siak Kew Avenue",2
181224,"Toh Guan Road (Blk 273, 274)",1
181224,"Woodlands Drive 14 (Blk 521, 523)",2
181224,"Woodlands Street 81 (Blk 804, 806)",2
181224,"Yishun Street 71 (Blk 714, 719)",2
181228,"Bedok Reservoir Road(Blk 122, 124,128, 130, 131,132, 134, 135, 136, 137, 138,139, 140, 142, 144, 145, 147,148, 150, 608, 609, 622, 623, 628)",29
181228,"EaStreetwood Drive, Green, Pl, Road, Terminal, Way / Jalan Greja / Pesari Walk / Taman Bedok",6
181228,"Pandan Gardens(Blk 404, 405, 411, 412, 414)",12
181228,"Kaki Bt Ind Terminal / Kaki Bt Pl",5
181228,"Cashew Road (Cashew Hts) /Gangsa Road (Blk 153, 154)/ Hazel Park Terminal(Hazel Park Condo)",3
181228,"Hougang Avenue 5 (Blk 308, 310, 319, 320,324)",4
181228,"Jalan Damai (Blk 664, 667)/ Jalan Tenaga(Blk 651, 652, 654, 655, 658)",5
181228,"Senoko Cres, Drive, Road",2
181228,"Bedok Avenue, Road / Bedok Road (Country Park Condo)",2
181228,"Bedok Gdn /Limau Gr",2
181228,"Jurong WeStreet Avenue 5 (Blk 729) / Jurong WeStreet Street 72 (Blk 731)",3
181228,"Mergui Road (Mergui Mans,PriStreetine Hts)",1
181228,"Ubi Avenue 1, Cres, Road 1",1
181228,"Woodlands Street 82 (Blk 848, 849)",2
181228,"Yishun Ind Street1 / Yishun Street 22 (Blk 269A)",1
181228,"Yunnan Drive 1, Road",2
181228,"Bt Batok WeStreet Avenue 9 (Blk 448A, 448C)",2
181228,"Choa Chu Kang Avenue 2(Blk 274) /Choa Chu Kang Avenue 3(Blk 281)",2
181228,"Hougang Street 21 (Blk 211, 231)",2
181228,"Ipoh Lane (Imperial Hts,Versilia on Haig)",2
181228,"Jurong WeStreet Street 91 (Blk 909,914)",2
181228,"Lengkong Empat /Lengkong Tujoh (Vacanza @EaStreet)",2
181228,"Lorong Marzuki",2
181228,"Yishun Street 11(Blk 123, 132)",2
181228,"Yishun Street 71(Blk 714, 719)",2
181231,"Bedok Reservoir Road(Blk 122, 124, 128, 130, 131,132, 134, 135, 136, 137, 138, 139, 140, 142, 144, 145, 147 ,148, 150, 608, 609, 613B, 622, 623, 628, 629)",25
181231,"EaStreetwood Drive, Green, Pl, Road, Terminal, Way / Jalan Greja / Pesari Walk / Taman Bedok",5
181231,"Pandan Gardens (Blk 404, 405, 411, 412, 414)",9
181231,"Kaki Bt IndTerminal / Kaki Bt Pl",3
181231,"Cashew Road (Cashew Hts) /Gangsa Road (Blk 153, 154)/ Hazel Park Terminal(Hazel Park Condo)",3
181231,"Hougang Avenue 5 (Blk 308,310, 319, 320, 324)",4
181231,"Jalan Damai (Blk 664, 667)/ Jalan Tenaga (Blk 651, 652,654, 655, 658)",2
181231,"Senoko Cres,Drive, Road",2
181231,"Ang Mo Kio Avenue 9 (Blk 621, 627)",3
181231,"Bedok Avenue, Road / Bedok Road(Country Park Condo)",2
181231,"Bedok Gdn /Limau Gr",2
181231,"Jalan Telang",1
181231,"Jurong WeStreet Avenue 5 (Blk 729) / Jurong WeStreet Street 72 (Blk 731)",3
181231,"Jurong WeStreet Street 91 (Blk 909, 913, 914)",3
181231,"Mergui Road(Mergui Mans,PriStreetine Hts)",1
181231,"Woodlands Street 82 (Blk 848, 849)",2
181231,"Yunnan Drive 1,Road",2
181231,"Bt Batok WeStreet Avenue 9 (Blk 448A, 448C)",2
181231,"Choa Chu Kang Avenue 2(Blk 274) /Choa Chu Kang Avenue 3(Blk 281)",2
181231,"Hougang Street 21(Blk 211, 231)",2
181231,"Ipoh Lane(Imperial Hts,Versilia on Haig)",2
181231,"Lengkong Empat /Lengkong Tujoh(Vacanza @EaStreet)",2
181231,"Lorong Marzuki",2
181231,"Yishun Street 11(Blk 123, 132)",2
181231,"Yishun Street 71(Blk 714, 719)",2
