year,month,week,day,weather station,cases with onset in last 2 weeks
2014,1,1,3,Changi,20
2014,1,1,3,Ang Mo Kio,87
2014,1,1,3,Khatib,20
2014,1,1,3,Tuas South,7
2014,1,1,3,Marina Barrage,21
2014,1,2,6,Changi,14
2014,1,2,6,Ang Mo Kio,68
2014,1,2,6,Khatib,15
2014,1,2,6,Tuas South,10
2014,1,2,6,Marina Barrage,20
2014,1,2,10,Changi,21
2014,1,2,10,Ang Mo Kio,91
2014,1,2,10,Khatib,35
2014,1,2,10,Tuas South,34
2014,1,2,10,Marina Barrage,43
2014,1,3,14,Changi,11
2014,1,3,14,Ang Mo Kio,88
2014,1,3,14,Khatib,34
2014,1,3,14,Tuas South,26
2014,1,3,14,Marina Barrage,35
2014,1,3,17,Changi,9
2014,1,3,17,Ang Mo Kio,95
2014,1,3,17,Khatib,41
2014,1,3,17,Tuas South,26
2014,1,3,17,Marina Barrage,40
2014,1,4,20,Changi,7
2014,1,4,20,Ang Mo Kio,69
2014,1,4,20,Khatib,40
2014,1,4,20,Tuas South,14
2014,1,4,20,Marina Barrage,38
2014,1,4,24,Changi,12
2014,1,4,24,Ang Mo Kio,69
2014,1,4,24,Khatib,26
2014,1,4,24,Tuas South,13
2014,1,4,24,Marina Barrage,21
2014,1,5,27,Changi,9
2014,1,5,27,Ang Mo Kio,57
2014,1,5,27,Khatib,19
2014,1,5,27,Tuas South,8
2014,1,5,27,Marina Barrage,24
2014,1,5,28,Changi,7
2014,1,5,28,Ang Mo Kio,57
2014,1,5,28,Khatib,24
2014,1,5,28,Tuas South,7
2014,1,5,28,Marina Barrage,34
2014,1,5,30,Changi,15
2014,1,5,30,Ang Mo Kio,50
2014,1,5,30,Khatib,27
2014,1,5,30,Tuas South,6
2014,1,5,30,Marina Barrage,32
2014,2,6,3,Changi,11
2014,2,6,3,Ang Mo Kio,37
2014,2,6,3,Khatib,24
2014,2,6,3,Tuas South,4
2014,2,6,3,Marina Barrage,29
2014,2,6,4,Changi,14
2014,2,6,4,Ang Mo Kio,50
2014,2,6,4,Khatib,32
2014,2,6,4,Tuas South,4
2014,2,6,4,Marina Barrage,30
2014,2,6,6,Changi,10
2014,2,6,6,Ang Mo Kio,50
2014,2,6,6,Khatib,29
2014,2,6,6,Tuas South,5
2014,2,6,6,Marina Barrage,29
2014,2,6,7,Changi,10
2014,2,6,7,Ang Mo Kio,50
2014,2,6,7,Khatib,22
2014,2,6,7,Tuas South,5
2014,2,6,7,Marina Barrage,23
2014,2,7,10,Changi,10
2014,2,7,10,Ang Mo Kio,45
2014,2,7,10,Khatib,16
2014,2,7,10,Tuas South,6
2014,2,7,10,Marina Barrage,11
2014,2,7,11,Changi,3
2014,2,7,11,Ang Mo Kio,58
2014,2,7,11,Khatib,11
2014,2,7,11,Tuas South,15
2014,2,7,11,Marina Barrage,14
2014,2,7,13,Changi,2
2014,2,7,13,Ang Mo Kio,72
2014,2,7,13,Khatib,10
2014,2,7,13,Tuas South,12
2014,2,7,13,Marina Barrage,19
2014,2,7,14,Changi,2
2014,2,7,14,Ang Mo Kio,65
2014,2,7,14,Khatib,7
2014,2,7,14,Tuas South,11
2014,2,7,14,Marina Barrage,23
2014,2,8,17,Changi,1
2014,2,8,17,Ang Mo Kio,73
2014,2,8,17,Khatib,7
2014,2,8,17,Tuas South,12
2014,2,8,17,Marina Barrage,29
2014,2,8,19,Changi,0
2014,2,8,19,Ang Mo Kio,89
2014,2,8,19,Khatib,10
2014,2,8,19,Tuas South,11
2014,2,8,19,Marina Barrage,30
2014,2,8,21,Changi,0
2014,2,8,21,Ang Mo Kio,60
2014,2,8,21,Khatib,14
2014,2,8,21,Tuas South,11
2014,2,8,21,Marina Barrage,24
2014,2,9,24,Changi,0
2014,2,9,24,Ang Mo Kio,51
2014,2,9,24,Khatib,10
2014,2,9,24,Tuas South,9
2014,2,9,24,Marina Barrage,21
2014,2,9,25,Changi,0
2014,2,9,25,Ang Mo Kio,50
2014,2,9,25,Khatib,6
2014,2,9,25,Tuas South,6
2014,2,9,25,Marina Barrage,6
2014,2,9,28,Changi,0
2014,2,9,28,Ang Mo Kio,36
2014,2,9,28,Khatib,6
2014,2,9,28,Tuas South,1
2014,2,9,28,Marina Barrage,3
2014,3,10,3,Changi,0
2014,3,10,3,Ang Mo Kio,27
2014,3,10,3,Khatib,2
2014,3,10,3,Tuas South,1
2014,3,10,3,Marina Barrage,7
2014,3,10,4,Changi,2
2014,3,10,4,Ang Mo Kio,31
2014,3,10,4,Khatib,5
2014,3,10,4,Tuas South,3
2014,3,10,4,Marina Barrage,16
2014,3,10,6,Changi,9
2014,3,10,6,Ang Mo Kio,38
2014,3,10,6,Khatib,4
2014,3,10,6,Tuas South,2
2014,3,10,6,Marina Barrage,14
2014,3,10,7,Changi,7
2014,3,10,7,Ang Mo Kio,34
2014,3,10,7,Khatib,3
2014,3,10,7,Tuas South,4
2014,3,10,7,Marina Barrage,15
2014,3,11,10,Changi,10
2014,3,11,10,Ang Mo Kio,40
2014,3,11,10,Khatib,3
2014,3,11,10,Tuas South,1
2014,3,11,10,Marina Barrage,14
2014,3,11,13,Changi,14
2014,3,11,13,Ang Mo Kio,64
2014,3,11,13,Khatib,7
2014,3,11,13,Tuas South,4
2014,3,11,13,Marina Barrage,8
2014,3,11,14,Changi,17
2014,3,11,14,Ang Mo Kio,70
2014,3,11,14,Khatib,6
2014,3,11,14,Tuas South,5
2014,3,11,14,Marina Barrage,9
2014,3,12,18,Changi,18
2014,3,12,18,Ang Mo Kio,96
2014,3,12,18,Khatib,7
2014,3,12,18,Tuas South,6
2014,3,12,18,Marina Barrage,12
2014,3,12,19,Changi,26
2014,3,12,19,Ang Mo Kio,116
2014,3,12,19,Khatib,3
2014,3,12,19,Tuas South,4
2014,3,12,19,Marina Barrage,8
2014,3,13,24,Changi,30
2014,3,13,24,Ang Mo Kio,123
2014,3,13,24,Khatib,7
2014,3,13,24,Tuas South,0
2014,3,13,24,Marina Barrage,16
2014,3,13,26,Changi,32
2014,3,13,26,Ang Mo Kio,136
2014,3,13,26,Khatib,10
2014,3,13,26,Tuas South,0
2014,3,13,26,Marina Barrage,15
2014,3,13,28,Changi,15
2014,3,13,28,Ang Mo Kio,72
2014,3,13,28,Khatib,9
2014,3,13,28,Tuas South,0
2014,3,13,28,Marina Barrage,23
2014,3,14,31,Changi,9
2014,3,14,31,Ang Mo Kio,75
2014,3,14,31,Khatib,9
2014,3,14,31,Tuas South,0
2014,3,14,31,Marina Barrage,31
2014,4,14,4,Changi,2
2014,4,14,4,Ang Mo Kio,96
2014,4,14,4,Khatib,3
2014,4,14,4,Tuas South,3
2014,4,14,4,Marina Barrage,32
2014,4,15,7,Changi,3
2014,4,15,7,Ang Mo Kio,76
2014,4,15,7,Khatib,2
2014,4,15,7,Tuas South,2
2014,4,15,7,Marina Barrage,22
2014,4,15,10,Changi,5
2014,4,15,10,Ang Mo Kio,80
2014,4,15,10,Khatib,2
2014,4,15,10,Tuas South,3
2014,4,15,10,Marina Barrage,16
2014,4,15,11,Changi,3
2014,4,15,11,Ang Mo Kio,87
2014,4,15,11,Khatib,2
2014,4,15,11,Tuas South,4
2014,4,15,11,Marina Barrage,15
2014,4,16,14,Changi,2
2014,4,16,14,Ang Mo Kio,85
2014,4,16,14,Khatib,3
2014,4,16,14,Tuas South,5
2014,4,16,14,Marina Barrage,9
2014,4,16,17,Changi,4
2014,4,16,17,Ang Mo Kio,115
2014,4,16,17,Khatib,0
2014,4,16,17,Tuas South,0
2014,4,16,17,Marina Barrage,6
2014,4,17,21,Changi,4
2014,4,17,21,Ang Mo Kio,90
2014,4,17,21,Khatib,0
2014,4,17,21,Tuas South,0
2014,4,17,21,Marina Barrage,4
2014,4,17,22,Changi,2
2014,4,17,22,Ang Mo Kio,128
2014,4,17,22,Khatib,0
2014,4,17,22,Tuas South,0
2014,4,17,22,Marina Barrage,7
2014,4,17,25,Changi,3
2014,4,17,25,Ang Mo Kio,123
2014,4,17,25,Khatib,0
2014,4,17,25,Tuas South,2
2014,4,17,25,Marina Barrage,17
2014,5,18,2,Changi,0
2014,5,18,2,Ang Mo Kio,100
2014,5,18,2,Khatib,0
2014,5,18,2,Tuas South,3
2014,5,18,2,Marina Barrage,16
2014,5,19,6,Changi,4
2014,5,19,6,Ang Mo Kio,78
2014,5,19,6,Khatib,4
2014,5,19,6,Tuas South,8
2014,5,19,6,Marina Barrage,9
2014,5,19,9,Changi,1
2014,5,19,9,Ang Mo Kio,65
2014,5,19,9,Khatib,3
2014,5,19,9,Tuas South,0
2014,5,19,9,Marina Barrage,9
2014,5,20,12,Changi,3
2014,5,20,12,Ang Mo Kio,50
2014,5,20,12,Khatib,4
2014,5,20,12,Tuas South,0
2014,5,20,12,Marina Barrage,8
2014,5,20,16,Changi,6
2014,5,20,16,Ang Mo Kio,86
2014,5,20,16,Khatib,4
2014,5,20,16,Tuas South,9
2014,5,20,16,Marina Barrage,9
2014,5,21,19,Changi,10
2014,5,21,19,Ang Mo Kio,74
2014,5,21,19,Khatib,2
2014,5,21,19,Tuas South,12
2014,5,21,19,Marina Barrage,7
2014,5,21,23,Changi,40
2014,5,21,23,Ang Mo Kio,124
2014,5,21,23,Khatib,0
2014,5,21,23,Tuas South,14
2014,5,21,23,Marina Barrage,18
2014,5,22,26,Changi,28
2014,5,22,26,Ang Mo Kio,122
2014,5,22,26,Khatib,0
2014,5,22,26,Tuas South,7
2014,5,22,26,Marina Barrage,22
2014,5,22,30,Changi,54
2014,5,22,30,Ang Mo Kio,184
2014,5,22,30,Khatib,2
2014,5,22,30,Tuas South,2
2014,5,22,30,Marina Barrage,33
2014,6,23,3,Changi,31
2014,6,23,3,Ang Mo Kio,157
2014,6,23,3,Khatib,4
2014,6,23,3,Tuas South,0
2014,6,23,3,Marina Barrage,24
2014,6,23,6,Changi,51
2014,6,23,6,Ang Mo Kio,201
2014,6,23,6,Khatib,2
2014,6,23,6,Tuas South,2
2014,6,23,6,Marina Barrage,43
2014,6,24,9,Changi,42
2014,6,24,9,Ang Mo Kio,170
2014,6,24,9,Khatib,1
2014,6,24,9,Tuas South,2
2014,6,24,9,Marina Barrage,34
2014,6,24,13,Changi,54
2014,6,24,13,Ang Mo Kio,212
2014,6,24,13,Khatib,9
2014,6,24,13,Tuas South,5
2014,6,24,13,Marina Barrage,39
2014,6,25,16,Changi,35
2014,6,25,16,Ang Mo Kio,179
2014,6,25,16,Khatib,6
2014,6,25,16,Tuas South,6
2014,6,25,16,Marina Barrage,26
2014,6,25,20,Changi,52
2014,6,25,20,Ang Mo Kio,201
2014,6,25,20,Khatib,5
2014,6,25,20,Tuas South,2
2014,6,25,20,Marina Barrage,26
2014,6,26,24,Changi,68
2014,6,26,24,Ang Mo Kio,201
2014,6,26,24,Khatib,4
2014,6,26,24,Tuas South,6
2014,6,26,24,Marina Barrage,29
2014,6,26,27,Changi,64
2014,6,26,27,Ang Mo Kio,209
2014,6,26,27,Khatib,14
2014,6,26,27,Tuas South,0
2014,6,26,27,Marina Barrage,42
2014,7,27,1,Changi,81
2014,7,27,1,Ang Mo Kio,234
2014,7,27,1,Khatib,25
2014,7,27,1,Tuas South,2
2014,7,27,1,Marina Barrage,36
2014,7,27,4,Changi,75
2014,7,27,4,Ang Mo Kio,234
2014,7,27,4,Khatib,84
2014,7,27,4,Tuas South,8
2014,7,27,4,Marina Barrage,59
2014,7,28,7,Changi,66
2014,7,28,7,Ang Mo Kio,194
2014,7,28,7,Khatib,102
2014,7,28,7,Tuas South,10
2014,7,28,7,Marina Barrage,52
2014,7,28,11,Changi,67
2014,7,28,11,Ang Mo Kio,240
2014,7,28,11,Khatib,197
2014,7,28,11,Tuas South,15
2014,7,28,11,Marina Barrage,114
2014,7,29,14,Changi,67
2014,7,29,14,Ang Mo Kio,241
2014,7,29,14,Khatib,274
2014,7,29,14,Tuas South,15
2014,7,29,14,Marina Barrage,74
2014,7,29,18,Changi,40
2014,7,29,18,Ang Mo Kio,190
2014,7,29,18,Khatib,323
2014,7,29,18,Tuas South,6
2014,7,29,18,Marina Barrage,53
2014,7,30,21,Changi,29
2014,7,30,21,Ang Mo Kio,163
2014,7,30,21,Khatib,247
2014,7,30,21,Tuas South,5
2014,7,30,21,Marina Barrage,41
2014,7,30,25,Changi,31
2014,7,30,25,Ang Mo Kio,185
2014,7,30,25,Khatib,244
2014,7,30,25,Tuas South,5
2014,7,30,25,Marina Barrage,50
2014,7,31,29,Changi,18
2014,7,31,29,Ang Mo Kio,133
2014,7,31,29,Khatib,120
2014,7,31,29,Tuas South,3
2014,7,31,29,Marina Barrage,51
2014,8,31,1,Changi,40
2014,8,31,1,Ang Mo Kio,156
2014,8,31,1,Khatib,123
2014,8,31,1,Tuas South,5
2014,8,31,1,Marina Barrage,65
2014,8,32,5,Changi,28
2014,8,32,5,Ang Mo Kio,163
2014,8,32,5,Khatib,71
2014,8,32,5,Tuas South,14
2014,8,32,5,Marina Barrage,62
2014,8,32,8,Changi,31
2014,8,32,8,Ang Mo Kio,160
2014,8,32,8,Khatib,46
2014,8,32,8,Tuas South,6
2014,8,32,8,Marina Barrage,41
2014,8,33,12,Changi,27
2014,8,33,12,Ang Mo Kio,144
2014,8,33,12,Khatib,37
2014,8,33,12,Tuas South,2
2014,8,33,12,Marina Barrage,42
2014,8,33,15,Changi,37
2014,8,33,15,Ang Mo Kio,138
2014,8,33,15,Khatib,40
2014,8,33,15,Tuas South,9
2014,8,33,15,Marina Barrage,40
2014,8,34,19,Changi,35
2014,8,34,19,Ang Mo Kio,87
2014,8,34,19,Khatib,44
2014,8,34,19,Tuas South,8
2014,8,34,19,Marina Barrage,43
2014,8,34,22,Changi,39
2014,8,34,22,Ang Mo Kio,95
2014,8,34,22,Khatib,53
2014,8,34,22,Tuas South,6
2014,8,34,22,Marina Barrage,22
2014,8,35,27,Changi,30
2014,8,35,27,Ang Mo Kio,74
2014,8,35,27,Khatib,47
2014,8,35,27,Tuas South,1
2014,8,35,27,Marina Barrage,14
2014,8,35,29,Changi,36
2014,8,35,29,Ang Mo Kio,71
2014,8,35,29,Khatib,58
2014,8,35,29,Tuas South,7
2014,8,35,29,Marina Barrage,10
2014,9,36,2,Changi,35
2014,9,36,2,Ang Mo Kio,51
2014,9,36,2,Khatib,62
2014,9,36,2,Tuas South,6
2014,9,36,2,Marina Barrage,21
2014,9,36,5,Changi,30
2014,9,36,5,Ang Mo Kio,43
2014,9,36,5,Khatib,45
2014,9,36,5,Tuas South,8
2014,9,36,5,Marina Barrage,22
2014,9,37,8,Changi,31
2014,9,37,8,Ang Mo Kio,48
2014,9,37,8,Khatib,52
2014,9,37,8,Tuas South,8
2014,9,37,8,Marina Barrage,23
2014,9,37,12,Changi,30
2014,9,37,12,Ang Mo Kio,59
2014,9,37,12,Khatib,50
2014,9,37,12,Tuas South,2
2014,9,37,12,Marina Barrage,32
2014,9,38,15,Changi,22
2014,9,38,15,Ang Mo Kio,61
2014,9,38,15,Khatib,44
2014,9,38,15,Tuas South,2
2014,9,38,15,Marina Barrage,24
2014,9,38,19,Changi,21
2014,9,38,19,Ang Mo Kio,70
2014,9,38,19,Khatib,48
2014,9,38,19,Tuas South,3
2014,9,38,19,Marina Barrage,31
2014,9,39,22,Changi,24
2014,9,39,22,Ang Mo Kio,57
2014,9,39,22,Khatib,42
2014,9,39,22,Tuas South,3
2014,9,39,22,Marina Barrage,30
2014,9,39,26,Changi,29
2014,9,39,26,Ang Mo Kio,62
2014,9,39,26,Khatib,46
2014,9,39,26,Tuas South,12
2014,9,39,26,Marina Barrage,41
2014,9,40,29,Changi,23
2014,9,40,29,Ang Mo Kio,61
2014,9,40,29,Khatib,34
2014,9,40,29,Tuas South,9
2014,9,40,29,Marina Barrage,36
2014,10,40,3,Changi,42
2014,10,40,3,Ang Mo Kio,78
2014,10,40,3,Khatib,30
2014,10,40,3,Tuas South,22
2014,10,40,3,Marina Barrage,34
2014,10,41,7,Changi,23
2014,10,41,7,Ang Mo Kio,56
2014,10,41,7,Khatib,20
2014,10,41,7,Tuas South,17
2014,10,41,7,Marina Barrage,19
2014,10,41,10,Changi,29
2014,10,41,10,Ang Mo Kio,51
2014,10,41,10,Khatib,22
2014,10,41,10,Tuas South,20
2014,10,41,10,Marina Barrage,20
2014,10,42,13,Changi,12
2014,10,42,13,Ang Mo Kio,45
2014,10,42,13,Khatib,14
2014,10,42,13,Tuas South,17
2014,10,42,13,Marina Barrage,17
2014,10,42,17,Changi,29
2014,10,42,17,Ang Mo Kio,47
2014,10,42,17,Khatib,25
2014,10,42,17,Tuas South,12
2014,10,42,17,Marina Barrage,25
2014,10,43,20,Changi,33
2014,10,43,20,Ang Mo Kio,50
2014,10,43,20,Khatib,26
2014,10,43,20,Tuas South,10
2014,10,43,20,Marina Barrage,30
2014,10,43,24,Changi,31
2014,10,43,24,Ang Mo Kio,45
2014,10,43,24,Khatib,13
2014,10,43,24,Tuas South,8
2014,10,43,24,Marina Barrage,31
2014,10,44,27,Changi,25
2014,10,44,27,Ang Mo Kio,47
2014,10,44,27,Khatib,13
2014,10,44,27,Tuas South,4
2014,10,44,27,Marina Barrage,25
2014,10,44,31,Changi,24
2014,10,44,31,Ang Mo Kio,27
2014,10,44,31,Khatib,25
2014,10,44,31,Tuas South,4
2014,10,44,31,Marina Barrage,9
2014,11,45,3,Changi,15
2014,11,45,3,Ang Mo Kio,30
2014,11,45,3,Khatib,19
2014,11,45,3,Tuas South,1
2014,11,45,3,Marina Barrage,9
2014,11,45,7,Changi,15
2014,11,45,7,Ang Mo Kio,36
2014,11,45,7,Khatib,21
2014,11,45,7,Tuas South,0
2014,11,45,7,Marina Barrage,7
2014,11,46,10,Changi,8
2014,11,46,10,Ang Mo Kio,30
2014,11,46,10,Khatib,12
2014,11,46,10,Tuas South,0
2014,11,46,10,Marina Barrage,9
2014,11,46,14,Changi,5
2014,11,46,14,Ang Mo Kio,22
2014,11,46,14,Khatib,12
2014,11,46,14,Tuas South,1
2014,11,46,14,Marina Barrage,10
2014,11,47,17,Changi,7
2014,11,47,17,Ang Mo Kio,17
2014,11,47,17,Khatib,12
2014,11,47,17,Tuas South,1
2014,11,47,17,Marina Barrage,10
2014,11,47,21,Changi,9
2014,11,47,21,Ang Mo Kio,25
2014,11,47,21,Khatib,6
2014,11,47,21,Tuas South,1
2014,11,47,21,Marina Barrage,17
2014,11,48,24,Changi,9
2014,11,48,24,Ang Mo Kio,24
2014,11,48,24,Khatib,4
2014,11,48,24,Tuas South,1
2014,11,48,24,Marina Barrage,17
2014,11,48,28,Changi,5
2014,11,48,28,Ang Mo Kio,20
2014,11,48,28,Khatib,8
2014,11,48,28,Tuas South,3
2014,11,48,28,Marina Barrage,8
2014,12,49,1,Changi,8
2014,12,49,1,Ang Mo Kio,18
2014,12,49,1,Khatib,7
2014,12,49,1,Tuas South,3
2014,12,49,1,Marina Barrage,6
2014,12,49,5,Changi,16
2014,12,49,5,Ang Mo Kio,27
2014,12,49,5,Khatib,6
2014,12,49,5,Tuas South,5
2014,12,49,5,Marina Barrage,13
2014,12,50,9,Changi,17
2014,12,50,9,Ang Mo Kio,39
2014,12,50,9,Khatib,1
2014,12,50,9,Tuas South,1
2014,12,50,9,Marina Barrage,12
2014,12,50,12,Changi,21
2014,12,50,12,Ang Mo Kio,25
2014,12,50,12,Khatib,4
2014,12,50,12,Tuas South,2
2014,12,50,12,Marina Barrage,11
2014,12,51,15,Changi,17
2014,12,51,15,Ang Mo Kio,16
2014,12,51,15,Khatib,3
2014,12,51,15,Tuas South,4
2014,12,51,15,Marina Barrage,6
2014,12,51,19,Changi,14
2014,12,51,19,Ang Mo Kio,34
2014,12,51,19,Khatib,5
2014,12,51,19,Tuas South,3
2014,12,51,19,Marina Barrage,15
2014,12,52,22,Changi,10
2014,12,52,22,Ang Mo Kio,30
2014,12,52,22,Khatib,4
2014,12,52,22,Tuas South,1
2014,12,52,22,Marina Barrage,14
2014,12,52,26,Changi,5
2014,12,52,26,Ang Mo Kio,20
2014,12,52,26,Khatib,1
2014,12,52,26,Tuas South,0
2014,12,52,26,Marina Barrage,18
2014,12,52,31,Changi,6
2014,12,52,31,Ang Mo Kio,30
2014,12,52,31,Khatib,4
2014,12,52,31,Tuas South,2
2014,12,52,31,Marina Barrage,19
2015,1,1,2,Changi,7
2015,1,1,2,Ang Mo Kio,24
2015,1,1,2,Khatib,8
2015,1,1,2,Tuas South,1
2015,1,1,2,Marina Barrage,14
2015,1,2,7,Changi,13
2015,1,2,7,Ang Mo Kio,37
2015,1,2,7,Khatib,16
2015,1,2,7,Tuas South,9
2015,1,2,7,Marina Barrage,16
2015,1,2,9,Changi,18
2015,1,2,9,Ang Mo Kio,37
2015,1,2,9,Khatib,13
2015,1,2,9,Tuas South,12
2015,1,2,9,Marina Barrage,8
2015,1,3,12,Changi,15
2015,1,3,12,Ang Mo Kio,39
2015,1,3,12,Khatib,12
2015,1,3,12,Tuas South,9
2015,1,3,12,Marina Barrage,13
2015,1,3,16,Changi,12
2015,1,3,16,Ang Mo Kio,60
2015,1,3,16,Khatib,7
2015,1,3,16,Tuas South,6
2015,1,3,16,Marina Barrage,21
2015,1,4,19,Changi,8
2015,1,4,19,Ang Mo Kio,53
2015,1,4,19,Khatib,7
2015,1,4,19,Tuas South,4
2015,1,4,19,Marina Barrage,17
2015,1,4,23,Changi,19
2015,1,4,23,Ang Mo Kio,57
2015,1,4,23,Khatib,4
2015,1,4,23,Tuas South,3
2015,1,4,23,Marina Barrage,13
2015,1,5,26,Changi,18
2015,1,5,26,Ang Mo Kio,35
2015,1,5,26,Khatib,3
2015,1,5,26,Tuas South,3
2015,1,5,26,Marina Barrage,10
2015,1,5,30,Changi,26
2015,1,5,30,Ang Mo Kio,64
2015,1,5,30,Khatib,13
2015,1,5,30,Tuas South,6
2015,1,5,30,Marina Barrage,10
2015,2,6,2,Changi,29
2015,2,6,2,Ang Mo Kio,49
2015,2,6,2,Khatib,8
2015,2,6,2,Tuas South,4
2015,2,6,2,Marina Barrage,11
2015,2,6,6,Changi,27
2015,2,6,6,Ang Mo Kio,36
2015,2,6,6,Khatib,12
2015,2,6,6,Tuas South,10
2015,2,6,6,Marina Barrage,23
2015,2,7,9,Changi,16
2015,2,7,9,Ang Mo Kio,22
2015,2,7,9,Khatib,8
2015,2,7,9,Tuas South,6
2015,2,7,9,Marina Barrage,16
2015,2,7,13,Changi,27
2015,2,7,13,Ang Mo Kio,23
2015,2,7,13,Khatib,13
2015,2,7,13,Tuas South,4
2015,2,7,13,Marina Barrage,19
2015,2,8,16,Changi,18
2015,2,8,16,Ang Mo Kio,19
2015,2,8,16,Khatib,12
2015,2,8,16,Tuas South,1
2015,2,8,16,Marina Barrage,10
2015,2,9,23,Changi,6
2015,2,9,23,Ang Mo Kio,14
2015,2,9,23,Khatib,5
2015,2,9,23,Tuas South,0
2015,2,9,23,Marina Barrage,10
2015,2,9,27,Changi,2
2015,2,9,27,Ang Mo Kio,28
2015,2,9,27,Khatib,2
2015,2,9,27,Tuas South,2
2015,2,9,27,Marina Barrage,11
2015,3,10,2,Changi,11
2015,3,10,2,Ang Mo Kio,28
2015,3,10,2,Khatib,2
2015,3,10,2,Tuas South,2
2015,3,10,2,Marina Barrage,12
2015,3,10,6,Changi,11
2015,3,10,6,Ang Mo Kio,16
2015,3,10,6,Khatib,4
2015,3,10,6,Tuas South,4
2015,3,10,6,Marina Barrage,13
2015,3,11,9,Changi,6
2015,3,11,9,Ang Mo Kio,13
2015,3,11,9,Khatib,4
2015,3,11,9,Tuas South,5
2015,3,11,9,Marina Barrage,11
2015,3,11,13,Changi,18
2015,3,11,13,Ang Mo Kio,14
2015,3,11,13,Khatib,15
2015,3,11,13,Tuas South,0
2015,3,11,13,Marina Barrage,15
2015,3,12,16,Changi,11
2015,3,12,16,Ang Mo Kio,14
2015,3,12,16,Khatib,17
2015,3,12,16,Tuas South,0
2015,3,12,16,Marina Barrage,9
2015,3,12,20,Changi,4
2015,3,12,20,Ang Mo Kio,11
2015,3,12,20,Khatib,11
2015,3,12,20,Tuas South,2
2015,3,12,20,Marina Barrage,5
2015,3,13,23,Changi,3
2015,3,13,23,Ang Mo Kio,11
2015,3,13,23,Khatib,9
2015,3,13,23,Tuas South,2
2015,3,13,23,Marina Barrage,5
2015,3,13,27,Changi,4
2015,3,13,27,Ang Mo Kio,9
2015,3,13,27,Khatib,14
2015,3,13,27,Tuas South,1
2015,3,13,27,Marina Barrage,14
2015,3,14,30,Changi,5
2015,3,14,30,Ang Mo Kio,5
2015,3,14,30,Khatib,13
2015,3,14,30,Tuas South,0
2015,3,14,30,Marina Barrage,19
2015,4,14,2,Changi,4
2015,4,14,2,Ang Mo Kio,9
2015,4,14,2,Khatib,20
2015,4,14,2,Tuas South,2
2015,4,14,2,Marina Barrage,10
2015,4,15,6,Changi,2
2015,4,15,6,Ang Mo Kio,10
2015,4,15,6,Khatib,14
2015,4,15,6,Tuas South,2
2015,4,15,6,Marina Barrage,8
2015,4,15,10,Changi,3
2015,4,15,10,Ang Mo Kio,8
2015,4,15,10,Khatib,12
2015,4,15,10,Tuas South,1
2015,4,15,10,Marina Barrage,14
2015,4,16,13,Changi,2
2015,4,16,13,Ang Mo Kio,2
2015,4,16,13,Khatib,12
2015,4,16,13,Tuas South,1
2015,4,16,13,Marina Barrage,10
2015,4,16,17,Changi,8
2015,4,16,17,Ang Mo Kio,5
2015,4,16,17,Khatib,9
2015,4,16,17,Tuas South,0
2015,4,16,17,Marina Barrage,13
2015,4,17,20,Changi,9
2015,4,17,20,Ang Mo Kio,5
2015,4,17,20,Khatib,9
2015,4,17,20,Tuas South,0
2015,4,17,20,Marina Barrage,12
2015,4,17,24,Changi,9
2015,4,17,24,Ang Mo Kio,4
2015,4,17,24,Khatib,6
2015,4,17,24,Tuas South,0
2015,4,17,24,Marina Barrage,7
2015,4,18,27,Changi,6
2015,4,18,27,Ang Mo Kio,5
2015,4,18,27,Khatib,6
2015,4,18,27,Tuas South,0
2015,4,18,27,Marina Barrage,3
2015,4,18,30,Changi,12
2015,4,18,30,Ang Mo Kio,4
2015,4,18,30,Khatib,5
2015,4,18,30,Tuas South,0
2015,4,18,30,Marina Barrage,13
2015,5,19,8,Changi,25
2015,5,19,8,Ang Mo Kio,10
2015,5,19,8,Khatib,5
2015,5,19,8,Tuas South,2
2015,5,19,8,Marina Barrage,15
2015,5,20,11,Changi,22
2015,5,20,11,Ang Mo Kio,9
2015,5,20,11,Khatib,5
2015,5,20,11,Tuas South,3
2015,5,20,11,Marina Barrage,13
2015,5,20,15,Changi,24
2015,5,20,15,Ang Mo Kio,17
2015,5,20,15,Khatib,11
2015,5,20,15,Tuas South,3
2015,5,20,15,Marina Barrage,11
2015,5,21,18,Changi,12
2015,5,21,18,Ang Mo Kio,22
2015,5,21,18,Khatib,7
2015,5,21,18,Tuas South,2
2015,5,21,18,Marina Barrage,8
2015,5,21,22,Changi,9
2015,5,21,22,Ang Mo Kio,28
2015,5,21,22,Khatib,2
2015,5,21,22,Tuas South,0
2015,5,21,22,Marina Barrage,4
2015,5,22,25,Changi,5
2015,5,22,25,Ang Mo Kio,26
2015,5,22,25,Khatib,2
2015,5,22,25,Tuas South,0
2015,5,22,25,Marina Barrage,0
2015,5,22,29,Changi,8
2015,5,22,29,Ang Mo Kio,39
2015,5,22,29,Khatib,16
2015,5,22,29,Tuas South,0
2015,5,22,29,Marina Barrage,5
2015,6,23,2,Changi,9
2015,6,23,2,Ang Mo Kio,33
2015,6,23,2,Khatib,15
2015,6,23,2,Tuas South,0
2015,6,23,2,Marina Barrage,6
2015,6,23,5,Changi,7
2015,6,23,5,Ang Mo Kio,33
2015,6,23,5,Khatib,15
2015,6,23,5,Tuas South,2
2015,6,23,5,Marina Barrage,3
2015,6,24,8,Changi,9
2015,6,24,8,Ang Mo Kio,30
2015,6,24,8,Khatib,9
2015,6,24,8,Tuas South,4
2015,6,24,8,Marina Barrage,4
2015,6,24,12,Changi,15
2015,6,24,12,Ang Mo Kio,15
2015,6,24,12,Khatib,15
2015,6,24,12,Tuas South,6
2015,6,24,12,Marina Barrage,9
2015,6,25,15,Changi,14
2015,6,25,15,Ang Mo Kio,22
2015,6,25,15,Khatib,12
2015,6,25,15,Tuas South,6
2015,6,25,15,Marina Barrage,5
2015,6,26,22,Changi,9
2015,6,26,22,Ang Mo Kio,45
2015,6,26,22,Khatib,17
2015,6,26,22,Tuas South,0
2015,6,26,22,Marina Barrage,16
2015,6,26,26,Changi,19
2015,6,26,26,Ang Mo Kio,56
2015,6,26,26,Khatib,28
2015,6,26,26,Tuas South,3
2015,6,26,26,Marina Barrage,9
2015,6,27,29,Changi,17
2015,6,27,29,Ang Mo Kio,56
2015,6,27,29,Khatib,26
2015,6,27,29,Tuas South,3
2015,6,27,29,Marina Barrage,12
2015,7,27,3,Changi,21
2015,7,27,3,Ang Mo Kio,67
2015,7,27,3,Khatib,28
2015,7,27,3,Tuas South,7
2015,7,27,3,Marina Barrage,13
2015,7,28,6,Changi,13
2015,7,28,6,Ang Mo Kio,51
2015,7,28,6,Khatib,19
2015,7,28,6,Tuas South,6
2015,7,28,6,Marina Barrage,13
2015,7,28,10,Changi,17
2015,7,28,10,Ang Mo Kio,65
2015,7,28,10,Khatib,38
2015,7,28,10,Tuas South,4
2015,7,28,10,Marina Barrage,8
2015,7,29,13,Changi,12
2015,7,29,13,Ang Mo Kio,58
2015,7,29,13,Khatib,33
2015,7,29,13,Tuas South,2
2015,7,29,13,Marina Barrage,5
2015,7,29,16,Changi,25
2015,7,29,16,Ang Mo Kio,53
2015,7,29,16,Khatib,48
2015,7,29,16,Tuas South,0
2015,7,29,16,Marina Barrage,9
2015,7,30,20,Changi,19
2015,7,30,20,Ang Mo Kio,36
2015,7,30,20,Khatib,31
2015,7,30,20,Tuas South,0
2015,7,30,20,Marina Barrage,8
2015,7,30,24,Changi,18
2015,7,30,24,Ang Mo Kio,72
2015,7,30,24,Khatib,39
2015,7,30,24,Tuas South,1
2015,7,30,24,Marina Barrage,15
2015,7,31,31,Changi,28
2015,7,31,31,Ang Mo Kio,83
2015,7,31,31,Khatib,28
2015,7,31,31,Tuas South,7
2015,7,31,31,Marina Barrage,7
2015,8,32,3,Changi,23
2015,8,32,3,Ang Mo Kio,63
2015,8,32,3,Khatib,14
2015,8,32,3,Tuas South,3
2015,8,32,3,Marina Barrage,5
2015,8,33,11,Changi,18
2015,8,33,11,Ang Mo Kio,26
2015,8,33,11,Khatib,17
2015,8,33,11,Tuas South,5
2015,8,33,11,Marina Barrage,8
2015,8,34,17,Changi,9
2015,8,34,17,Ang Mo Kio,19
2015,8,34,17,Khatib,15
2015,8,34,17,Tuas South,3
2015,8,34,17,Marina Barrage,23
2015,8,35,25,Changi,8
2015,8,35,25,Ang Mo Kio,40
2015,8,35,25,Khatib,27
2015,8,35,25,Tuas South,3
2015,8,35,25,Marina Barrage,26
2015,8,36,31,Changi,19
2015,8,36,31,Ang Mo Kio,27
2015,8,36,31,Khatib,22
2015,8,36,31,Tuas South,4
2015,8,36,31,Marina Barrage,22
2015,9,36,4,Changi,32
2015,9,36,4,Ang Mo Kio,56
2015,9,36,4,Khatib,28
2015,9,36,4,Tuas South,4
2015,9,36,4,Marina Barrage,17
2015,9,37,10,Changi,32
2015,9,37,10,Ang Mo Kio,59
2015,9,37,10,Khatib,36
2015,9,37,10,Tuas South,3
2015,9,37,10,Marina Barrage,7
2015,9,38,14,Changi,18
2015,9,38,14,Ang Mo Kio,41
2015,9,38,14,Khatib,30
2015,9,38,14,Tuas South,2
2015,9,38,14,Marina Barrage,4
2015,9,40,28,Changi,26
2015,9,40,28,Ang Mo Kio,57
2015,9,40,28,Khatib,24
2015,9,40,28,Tuas South,4
2015,9,40,28,Marina Barrage,15
2015,10,40,2,Changi,52
2015,10,40,2,Ang Mo Kio,53
2015,10,40,2,Khatib,21
2015,10,40,2,Tuas South,4
2015,10,40,2,Marina Barrage,20
2015,10,41,9,Changi,52
2015,10,41,9,Ang Mo Kio,62
2015,10,41,9,Khatib,27
2015,10,41,9,Tuas South,4
2015,10,41,9,Marina Barrage,18
2015,10,42,16,Changi,52
2015,10,42,16,Ang Mo Kio,40
2015,10,42,16,Khatib,21
2015,10,42,16,Tuas South,3
2015,10,42,16,Marina Barrage,21
2015,10,44,26,Changi,35
2015,10,44,26,Ang Mo Kio,48
2015,10,44,26,Khatib,22
2015,10,44,26,Tuas South,2
2015,10,44,26,Marina Barrage,16
2015,10,44,30,Changi,35
2015,10,44,30,Ang Mo Kio,64
2015,10,44,30,Khatib,26
2015,10,44,30,Tuas South,13
2015,10,44,30,Marina Barrage,21
2015,11,45,2,Changi,28
2015,11,45,2,Ang Mo Kio,57
2015,11,45,2,Khatib,18
2015,11,45,2,Tuas South,8
2015,11,45,2,Marina Barrage,14
2015,11,46,9,Changi,45
2015,11,46,9,Ang Mo Kio,58
2015,11,46,9,Khatib,24
2015,11,46,9,Tuas South,4
2015,11,46,9,Marina Barrage,14
2015,11,47,16,Changi,36
2015,11,47,16,Ang Mo Kio,54
2015,11,47,16,Khatib,18
2015,11,47,16,Tuas South,0
2015,11,47,16,Marina Barrage,18
2015,11,48,23,Changi,38
2015,11,48,23,Ang Mo Kio,38
2015,11,48,23,Khatib,8
2015,11,48,23,Tuas South,4
2015,11,48,23,Marina Barrage,13
2015,11,49,30,Changi,56
2015,11,49,30,Ang Mo Kio,53
2015,11,49,30,Khatib,9
2015,11,49,30,Tuas South,2
2015,11,49,30,Marina Barrage,22
2015,12,49,4,Changi,71
2015,12,49,4,Ang Mo Kio,69
2015,12,49,4,Khatib,16
2015,12,49,4,Tuas South,1
2015,12,49,4,Marina Barrage,24
2015,12,51,14,Changi,56
2015,12,51,14,Ang Mo Kio,56
2015,12,51,14,Khatib,27
2015,12,51,14,Tuas South,4
2015,12,51,14,Marina Barrage,21
2015,12,52,21,Changi,56
2015,12,52,21,Ang Mo Kio,87
2015,12,52,21,Khatib,22
2015,12,52,21,Tuas South,11
2015,12,52,21,Marina Barrage,48
2015,12,53,28,Changi,49
2015,12,53,28,Ang Mo Kio,67
2015,12,53,28,Khatib,40
2015,12,53,28,Tuas South,3
2015,12,53,28,Marina Barrage,42
2015,12,53,31,Changi,93
2015,12,53,31,Ang Mo Kio,119
2015,12,53,31,Khatib,59
2015,12,53,31,Tuas South,8
2015,12,53,31,Marina Barrage,65
2016,1,1,4,Changi,65
2016,1,1,4,Ang Mo Kio,87
2016,1,1,4,Khatib,38
2016,1,1,4,Tuas South,7
2016,1,1,4,Marina Barrage,47
2016,1,1,8,Changi,86
2016,1,1,8,Ang Mo Kio,113
2016,1,1,8,Khatib,59
2016,1,1,8,Tuas South,13
2016,1,1,8,Marina Barrage,77
2016,1,2,11,Changi,91
2016,1,2,11,Ang Mo Kio,109
2016,1,2,11,Khatib,54
2016,1,2,11,Tuas South,12
2016,1,2,11,Marina Barrage,76
2016,1,2,15,Changi,121
2016,1,2,15,Ang Mo Kio,139
2016,1,2,15,Khatib,71
2016,1,2,15,Tuas South,21
2016,1,2,15,Marina Barrage,106
2016,1,3,18,Changi,111
2016,1,3,18,Ang Mo Kio,142
2016,1,3,18,Khatib,69
2016,1,3,18,Tuas South,22
2016,1,3,18,Marina Barrage,96
2016,1,3,22,Changi,129
2016,1,3,22,Ang Mo Kio,178
2016,1,3,22,Khatib,98
2016,1,3,22,Tuas South,35
2016,1,3,22,Marina Barrage,126
2016,1,4,26,Changi,116
2016,1,4,26,Ang Mo Kio,187
2016,1,4,26,Khatib,106
2016,1,4,26,Tuas South,34
2016,1,4,26,Marina Barrage,131
2016,1,4,29,Changi,110
2016,1,4,29,Ang Mo Kio,181
2016,1,4,29,Khatib,115
2016,1,4,29,Tuas South,28
2016,1,4,29,Marina Barrage,138
2016,2,5,1,Changi,99
2016,2,5,1,Ang Mo Kio,173
2016,2,5,1,Khatib,92
2016,2,5,1,Tuas South,20
2016,2,5,1,Marina Barrage,112
2016,2,5,5,Changi,71
2016,2,5,5,Ang Mo Kio,174
2016,2,5,5,Khatib,91
2016,2,5,5,Tuas South,25
2016,2,5,5,Marina Barrage,118
2016,2,6,10,Changi,53
2016,2,6,10,Ang Mo Kio,142
2016,2,6,10,Khatib,55
2016,2,6,10,Tuas South,19
2016,2,6,10,Marina Barrage,70
2016,2,6,12,Changi,65
2016,2,6,12,Ang Mo Kio,152
2016,2,6,12,Khatib,49
2016,2,6,12,Tuas South,21
2016,2,6,12,Marina Barrage,55
2016,2,7,15,Changi,68
2016,2,7,15,Ang Mo Kio,129
2016,2,7,15,Khatib,54
2016,2,7,15,Tuas South,16
2016,2,7,15,Marina Barrage,45
2016,2,7,19,Changi,64
2016,2,7,19,Ang Mo Kio,174
2016,2,7,19,Khatib,59
2016,2,7,19,Tuas South,24
2016,2,7,19,Marina Barrage,73
2016,2,8,23,Changi,66
2016,2,8,23,Ang Mo Kio,174
2016,2,8,23,Khatib,76
2016,2,8,23,Tuas South,26
2016,2,8,23,Marina Barrage,87
2016,2,8,26,Changi,63
2016,2,8,26,Ang Mo Kio,185
2016,2,8,26,Khatib,94
2016,2,8,26,Tuas South,25
2016,2,8,26,Marina Barrage,92
2016,3,9,1,Changi,54
2016,3,9,1,Ang Mo Kio,161
2016,3,9,1,Khatib,74
2016,3,9,1,Tuas South,25
2016,3,9,1,Marina Barrage,57
2016,3,9,4,Changi,50
2016,3,9,4,Ang Mo Kio,149
2016,3,9,4,Khatib,61
2016,3,9,4,Tuas South,18
2016,3,9,4,Marina Barrage,55
2016,3,10,7,Changi,48
2016,3,10,7,Ang Mo Kio,130
2016,3,10,7,Khatib,58
2016,3,10,7,Tuas South,20
2016,3,10,7,Marina Barrage,54
2016,3,10,11,Changi,51
2016,3,10,11,Ang Mo Kio,104
2016,3,10,11,Khatib,40
2016,3,10,11,Tuas South,15
2016,3,10,11,Marina Barrage,50
2016,3,11,14,Changi,49
2016,3,11,14,Ang Mo Kio,94
2016,3,11,14,Khatib,32
2016,3,11,14,Tuas South,12
2016,3,11,14,Marina Barrage,46
2016,3,11,18,Changi,81
2016,3,11,18,Ang Mo Kio,121
2016,3,11,18,Khatib,34
2016,3,11,18,Tuas South,9
2016,3,11,18,Marina Barrage,54
2016,3,12,22,Changi,57
2016,3,12,22,Ang Mo Kio,121
2016,3,12,22,Khatib,34
2016,3,12,22,Tuas South,5
2016,3,12,22,Marina Barrage,42
2016,3,12,24,Changi,59
2016,3,12,24,Ang Mo Kio,117
2016,3,12,24,Khatib,33
2016,3,12,24,Tuas South,4
2016,3,12,24,Marina Barrage,36
2016,3,13,29,Changi,54
2016,3,13,29,Ang Mo Kio,108
2016,3,13,29,Khatib,16
2016,3,13,29,Tuas South,1
2016,3,13,29,Marina Barrage,32
2016,4,13,1,Changi,62
2016,4,13,1,Ang Mo Kio,113
2016,4,13,1,Khatib,16
2016,4,13,1,Tuas South,2
2016,4,13,1,Marina Barrage,43
2016,4,14,4,Changi,54
2016,4,14,4,Ang Mo Kio,112
2016,4,14,4,Khatib,14
2016,4,14,4,Tuas South,2
2016,4,14,4,Marina Barrage,40
2016,4,14,8,Changi,70
2016,4,14,8,Ang Mo Kio,98
2016,4,14,8,Khatib,26
2016,4,14,8,Tuas South,10
2016,4,14,8,Marina Barrage,41
2016,4,15,11,Changi,53
2016,4,15,11,Ang Mo Kio,66
2016,4,15,11,Khatib,19
2016,4,15,11,Tuas South,9
2016,4,15,11,Marina Barrage,35
2016,4,15,15,Changi,43
2016,4,15,15,Ang Mo Kio,68
2016,4,15,15,Khatib,14
2016,4,15,15,Tuas South,6
2016,4,15,15,Marina Barrage,41
2016,4,16,18,Changi,20
2016,4,16,18,Ang Mo Kio,58
2016,4,16,18,Khatib,14
2016,4,16,18,Tuas South,2
2016,4,16,18,Marina Barrage,29
2016,4,16,22,Changi,22
2016,4,16,22,Ang Mo Kio,57
2016,4,16,22,Khatib,20
2016,4,16,22,Tuas South,0
2016,4,16,22,Marina Barrage,31
2016,4,17,25,Changi,19
2016,4,17,25,Ang Mo Kio,55
2016,4,17,25,Khatib,18
2016,4,17,25,Tuas South,2
2016,4,17,25,Marina Barrage,24
2016,4,17,29,Changi,48
2016,4,17,29,Ang Mo Kio,64
2016,4,17,29,Khatib,19
2016,4,17,29,Tuas South,0
2016,4,17,29,Marina Barrage,36
2016,5,18,3,Changi,47
2016,5,18,3,Ang Mo Kio,52
2016,5,18,3,Khatib,11
2016,5,18,3,Tuas South,0
2016,5,18,3,Marina Barrage,36
2016,5,18,6,Changi,33
2016,5,18,6,Ang Mo Kio,47
2016,5,18,6,Khatib,11
2016,5,18,6,Tuas South,0
2016,5,18,6,Marina Barrage,48
2016,5,19,9,Changi,25
2016,5,19,9,Ang Mo Kio,27
2016,5,19,9,Khatib,12
2016,5,19,9,Tuas South,2
2016,5,19,9,Marina Barrage,35
2016,5,19,13,Changi,30
2016,5,19,13,Ang Mo Kio,35
2016,5,19,13,Khatib,23
2016,5,19,13,Tuas South,3
2016,5,19,13,Marina Barrage,38
2016,5,20,17,Changi,29
2016,5,20,17,Ang Mo Kio,42
2016,5,20,17,Khatib,24
2016,5,20,17,Tuas South,1
2016,5,20,17,Marina Barrage,34
2016,5,20,20,Changi,31
2016,5,20,20,Ang Mo Kio,52
2016,5,20,20,Khatib,49
2016,5,20,20,Tuas South,0
2016,5,20,20,Marina Barrage,46
2016,5,21,24,Changi,18
2016,5,21,24,Ang Mo Kio,33
2016,5,21,24,Khatib,35
2016,5,21,24,Tuas South,0
2016,5,21,24,Marina Barrage,37
2016,5,21,27,Changi,19
2016,5,21,27,Ang Mo Kio,32
2016,5,21,27,Khatib,40
2016,5,21,27,Tuas South,2
2016,5,21,27,Marina Barrage,26
2016,5,22,30,Changi,13
2016,5,22,30,Ang Mo Kio,32
2016,5,22,30,Khatib,33
2016,5,22,30,Tuas South,2
2016,5,22,30,Marina Barrage,21
2016,6,22,3,Changi,9
2016,6,22,3,Ang Mo Kio,27
2016,6,22,3,Khatib,44
2016,6,22,3,Tuas South,1
2016,6,22,3,Marina Barrage,36
2016,6,23,6,Changi,8
2016,6,23,6,Ang Mo Kio,23
2016,6,23,6,Khatib,34
2016,6,23,6,Tuas South,0
2016,6,23,6,Marina Barrage,24
2016,6,23,10,Changi,17
2016,6,23,10,Ang Mo Kio,35
2016,6,23,10,Khatib,40
2016,6,23,10,Tuas South,0
2016,6,23,10,Marina Barrage,25
2016,6,24,13,Changi,13
2016,6,24,13,Ang Mo Kio,32
2016,6,24,13,Khatib,30
2016,6,24,13,Tuas South,2
2016,6,24,13,Marina Barrage,21
2016,6,24,17,Changi,14
2016,6,24,17,Ang Mo Kio,27
2016,6,24,17,Khatib,28
2016,6,24,17,Tuas South,2
2016,6,24,17,Marina Barrage,22
2016,6,25,20,Changi,16
2016,6,25,20,Ang Mo Kio,22
2016,6,25,20,Khatib,19
2016,6,25,20,Tuas South,2
2016,6,25,20,Marina Barrage,22
2016,6,25,24,Changi,23
2016,6,25,24,Ang Mo Kio,17
2016,6,25,24,Khatib,25
2016,6,25,24,Tuas South,0
2016,6,25,24,Marina Barrage,45
2016,6,26,30,Changi,32
2016,6,26,30,Ang Mo Kio,33
2016,6,26,30,Khatib,22
2016,6,26,30,Tuas South,0
2016,6,26,30,Marina Barrage,51
2016,7,26,1,Changi,24
2016,7,26,1,Ang Mo Kio,35
2016,7,26,1,Khatib,26
2016,7,26,1,Tuas South,0
2016,7,26,1,Marina Barrage,46
2016,7,27,4,Changi,20
2016,7,27,4,Ang Mo Kio,32
2016,7,27,4,Khatib,24
2016,7,27,4,Tuas South,0
2016,7,27,4,Marina Barrage,40
2016,7,27,8,Changi,19
2016,7,27,8,Ang Mo Kio,41
2016,7,27,8,Khatib,26
2016,7,27,8,Tuas South,0
2016,7,27,8,Marina Barrage,66
2016,7,28,12,Changi,18
2016,7,28,12,Ang Mo Kio,47
2016,7,28,12,Khatib,27
2016,7,28,12,Tuas South,0
2016,7,28,12,Marina Barrage,80
2016,7,28,15,Changi,22
2016,7,28,15,Ang Mo Kio,47
2016,7,28,15,Khatib,36
2016,7,28,15,Tuas South,0
2016,7,28,15,Marina Barrage,66
2016,7,29,18,Changi,24
2016,7,29,18,Ang Mo Kio,34
2016,7,29,18,Khatib,24
2016,7,29,18,Tuas South,0
2016,7,29,18,Marina Barrage,43
2016,7,29,22,Changi,37
2016,7,29,22,Ang Mo Kio,25
2016,7,29,22,Khatib,18
2016,7,29,22,Tuas South,0
2016,7,29,22,Marina Barrage,38
2016,7,30,26,Changi,46
2016,7,30,26,Ang Mo Kio,32
2016,7,30,26,Khatib,15
2016,7,30,26,Tuas South,0
2016,7,30,26,Marina Barrage,34
2016,7,30,29,Changi,54
2016,7,30,29,Ang Mo Kio,48
2016,7,30,29,Khatib,27
2016,7,30,29,Tuas South,0
2016,7,30,29,Marina Barrage,33
2016,8,31,1,Changi,38
2016,8,31,1,Ang Mo Kio,41
2016,8,31,1,Khatib,28
2016,8,31,1,Tuas South,0
2016,8,31,1,Marina Barrage,24
2016,8,31,5,Changi,32
2016,8,31,5,Ang Mo Kio,33
2016,8,31,5,Khatib,33
2016,8,31,5,Tuas South,4
2016,8,31,5,Marina Barrage,34
2016,8,32,10,Changi,24
2016,8,32,10,Ang Mo Kio,38
2016,8,32,10,Khatib,22
2016,8,32,10,Tuas South,7
2016,8,32,10,Marina Barrage,26
2016,8,32,12,Changi,25
2016,8,32,12,Ang Mo Kio,38
2016,8,32,12,Khatib,17
2016,8,32,12,Tuas South,7
2016,8,32,12,Marina Barrage,26
2016,8,33,16,Changi,39
2016,8,33,16,Ang Mo Kio,29
2016,8,33,16,Khatib,18
2016,8,33,16,Tuas South,0
2016,8,33,16,Marina Barrage,20
2016,8,33,19,Changi,35
2016,8,33,19,Ang Mo Kio,35
2016,8,33,19,Khatib,19
2016,8,33,19,Tuas South,2
2016,8,33,19,Marina Barrage,34
2016,8,34,23,Changi,36
2016,8,34,23,Ang Mo Kio,37
2016,8,34,23,Khatib,19
2016,8,34,23,Tuas South,4
2016,8,34,23,Marina Barrage,34
2016,8,34,26,Changi,39
2016,8,34,26,Ang Mo Kio,49
2016,8,34,26,Khatib,20
2016,8,34,26,Tuas South,9
2016,8,34,26,Marina Barrage,49
2016,8,35,29,Changi,32
2016,8,35,29,Ang Mo Kio,37
2016,8,35,29,Khatib,20
2016,8,35,29,Tuas South,7
2016,8,35,29,Marina Barrage,38
2016,9,35,2,Changi,39
2016,9,35,2,Ang Mo Kio,51
2016,9,35,2,Khatib,33
2016,9,35,2,Tuas South,13
2016,9,35,2,Marina Barrage,40
2016,9,36,5,Changi,27
2016,9,36,5,Ang Mo Kio,42
2016,9,36,5,Khatib,31
2016,9,36,5,Tuas South,13
2016,9,36,5,Marina Barrage,43
2016,9,36,9,Changi,38
2016,9,36,9,Ang Mo Kio,41
2016,9,36,9,Khatib,25
2016,9,36,9,Tuas South,8
2016,9,36,9,Marina Barrage,57
2016,9,37,13,Changi,23
2016,9,37,13,Ang Mo Kio,26
2016,9,37,13,Khatib,19
2016,9,37,13,Tuas South,7
2016,9,37,13,Marina Barrage,41
2016,9,37,16,Changi,31
2016,9,37,16,Ang Mo Kio,27
2016,9,37,16,Khatib,37
2016,9,37,16,Tuas South,4
2016,9,37,16,Marina Barrage,30
2016,9,38,19,Changi,25
2016,9,38,19,Ang Mo Kio,23
2016,9,38,19,Khatib,33
2016,9,38,19,Tuas South,3
2016,9,38,19,Marina Barrage,27
2016,9,38,23,Changi,16
2016,9,38,23,Ang Mo Kio,25
2016,9,38,23,Khatib,30
2016,9,38,23,Tuas South,3
2016,9,38,23,Marina Barrage,27
2016,9,39,26,Changi,13
2016,9,39,26,Ang Mo Kio,19
2016,9,39,26,Khatib,25
2016,9,39,26,Tuas South,3
2016,9,39,26,Marina Barrage,17
2016,9,39,30,Changi,12
2016,9,39,30,Ang Mo Kio,6
2016,9,39,30,Khatib,18
2016,9,39,30,Tuas South,6
2016,9,39,30,Marina Barrage,23
2016,10,40,3,Changi,8
2016,10,40,3,Ang Mo Kio,6
2016,10,40,3,Khatib,11
2016,10,40,3,Tuas South,5
2016,10,40,3,Marina Barrage,16
2016,10,40,7,Changi,21
2016,10,40,7,Ang Mo Kio,8
2016,10,40,7,Khatib,14
2016,10,40,7,Tuas South,2
2016,10,40,7,Marina Barrage,14
2016,10,41,10,Changi,20
2016,10,41,10,Ang Mo Kio,9
2016,10,41,10,Khatib,13
2016,10,41,10,Tuas South,2
2016,10,41,10,Marina Barrage,8
2016,10,41,14,Changi,13
2016,10,41,14,Ang Mo Kio,20
2016,10,41,14,Khatib,6
2016,10,41,14,Tuas South,3
2016,10,41,14,Marina Barrage,6
2016,10,42,17,Changi,12
2016,10,42,17,Ang Mo Kio,16
2016,10,42,17,Khatib,5
2016,10,42,17,Tuas South,3
2016,10,42,17,Marina Barrage,6
2016,10,42,21,Changi,12
2016,10,42,21,Ang Mo Kio,7
2016,10,42,21,Khatib,15
2016,10,42,21,Tuas South,0
2016,10,42,21,Marina Barrage,8
2016,10,43,24,Changi,8
2016,10,43,24,Ang Mo Kio,8
2016,10,43,24,Khatib,15
2016,10,43,24,Tuas South,0
2016,10,43,24,Marina Barrage,6
2016,10,43,28,Changi,6
2016,10,43,28,Ang Mo Kio,17
2016,10,43,28,Khatib,5
2016,10,43,28,Tuas South,0
2016,10,43,28,Marina Barrage,4
2016,10,44,31,Changi,4
2016,10,44,31,Ang Mo Kio,11
2016,10,44,31,Khatib,3
2016,10,44,31,Tuas South,0
2016,10,44,31,Marina Barrage,3
2016,11,44,4,Changi,8
2016,11,44,4,Ang Mo Kio,11
2016,11,44,4,Khatib,5
2016,11,44,4,Tuas South,0
2016,11,44,4,Marina Barrage,4
2016,11,45,7,Changi,8
2016,11,45,7,Ang Mo Kio,7
2016,11,45,7,Khatib,3
2016,11,45,7,Tuas South,0
2016,11,45,7,Marina Barrage,2
2016,11,45,11,Changi,7
2016,11,45,11,Ang Mo Kio,8
2016,11,45,11,Khatib,1
2016,11,45,11,Tuas South,0
2016,11,45,11,Marina Barrage,0
2016,11,46,14,Changi,7
2016,11,46,14,Ang Mo Kio,13
2016,11,46,14,Khatib,1
2016,11,46,14,Tuas South,0
2016,11,46,14,Marina Barrage,0
2016,11,46,18,Changi,5
2016,11,46,18,Ang Mo Kio,13
2016,11,46,18,Khatib,0
2016,11,46,18,Tuas South,2
2016,11,46,18,Marina Barrage,0
2016,11,47,21,Changi,9
2016,11,47,21,Ang Mo Kio,7
2016,11,47,21,Khatib,0
2016,11,47,21,Tuas South,1
2016,11,47,21,Marina Barrage,0
2016,11,47,25,Changi,4
2016,11,47,25,Ang Mo Kio,4
2016,11,47,25,Khatib,2
2016,11,47,25,Tuas South,4
2016,11,47,25,Marina Barrage,2
2016,11,48,28,Changi,2
2016,11,48,28,Ang Mo Kio,4
2016,11,48,28,Khatib,2
2016,11,48,28,Tuas South,4
2016,11,48,28,Marina Barrage,2
2016,12,48,2,Changi,5
2016,12,48,2,Ang Mo Kio,15
2016,12,48,2,Khatib,9
2016,12,48,2,Tuas South,1
2016,12,48,2,Marina Barrage,5
2016,12,49,5,Changi,5
2016,12,49,5,Ang Mo Kio,15
2016,12,49,5,Khatib,6
2016,12,49,5,Tuas South,1
2016,12,49,5,Marina Barrage,3
2016,12,49,9,Changi,6
2016,12,49,9,Ang Mo Kio,14
2016,12,49,9,Khatib,8
2016,12,49,9,Tuas South,0
2016,12,49,9,Marina Barrage,0
2016,12,50,12,Changi,5
2016,12,50,12,Ang Mo Kio,14
2016,12,50,12,Khatib,8
2016,12,50,12,Tuas South,0
2016,12,50,12,Marina Barrage,0
2016,12,50,16,Changi,0
2016,12,50,16,Ang Mo Kio,9
2016,12,50,16,Khatib,6
2016,12,50,16,Tuas South,0
2016,12,50,16,Marina Barrage,0
2016,12,51,19,Changi,0
2016,12,51,19,Ang Mo Kio,11
2016,12,51,19,Khatib,6
2016,12,51,19,Tuas South,0
2016,12,51,19,Marina Barrage,2
2016,12,51,23,Changi,1
2016,12,51,23,Ang Mo Kio,19
2016,12,51,23,Khatib,11
2016,12,51,23,Tuas South,0
2016,12,51,23,Marina Barrage,1
2016,12,52,27,Changi,1
2016,12,52,27,Ang Mo Kio,23
2016,12,52,27,Khatib,10
2016,12,52,27,Tuas South,0
2016,12,52,27,Marina Barrage,1
2016,12,52,30,Changi,4
2016,12,52,30,Ang Mo Kio,12
2016,12,52,30,Khatib,1
2016,12,52,30,Tuas South,0
2016,12,52,30,Marina Barrage,0
2017,1,1,3,Changi,1
2017,1,1,3,Ang Mo Kio,13
2017,1,1,3,Khatib,2
2017,1,1,3,Tuas South,0
2017,1,1,3,Marina Barrage,2
2017,1,1,6,Changi,5
2017,1,1,6,Ang Mo Kio,11
2017,1,1,6,Khatib,3
2017,1,1,6,Tuas South,0
2017,1,1,6,Marina Barrage,4
2017,1,2,9,Changi,6
2017,1,2,9,Ang Mo Kio,9
2017,1,2,9,Khatib,3
2017,1,2,9,Tuas South,0
2017,1,2,9,Marina Barrage,2
2017,1,2,13,Changi,12
2017,1,2,13,Ang Mo Kio,16
2017,1,2,13,Khatib,0
2017,1,2,13,Tuas South,0
2017,1,2,13,Marina Barrage,5
2017,1,3,16,Changi,6
2017,1,3,16,Ang Mo Kio,20
2017,1,3,16,Khatib,0
2017,1,3,16,Tuas South,0
2017,1,3,16,Marina Barrage,3
2017,1,3,20,Changi,5
2017,1,3,20,Ang Mo Kio,23
2017,1,3,20,Khatib,0
2017,1,3,20,Tuas South,1
2017,1,3,20,Marina Barrage,3
2017,1,4,23,Changi,19
2017,1,4,23,Ang Mo Kio,16
2017,1,4,23,Khatib,2
2017,1,4,23,Tuas South,2
2017,1,4,23,Marina Barrage,4
2017,1,4,27,Changi,12
2017,1,4,27,Ang Mo Kio,9
2017,1,4,27,Khatib,4
2017,1,4,27,Tuas South,0
2017,1,4,27,Marina Barrage,0
2017,1,5,31,Changi,8
2017,1,5,31,Ang Mo Kio,7
2017,1,5,31,Khatib,2
2017,1,5,31,Tuas South,0
2017,1,5,31,Marina Barrage,0
2017,2,5,3,Changi,3
2017,2,5,3,Ang Mo Kio,4
2017,2,5,3,Khatib,2
2017,2,5,3,Tuas South,2
2017,2,5,3,Marina Barrage,2
2017,2,6,6,Changi,3
2017,2,6,6,Ang Mo Kio,4
2017,2,6,6,Khatib,1
2017,2,6,6,Tuas South,2
2017,2,6,6,Marina Barrage,3
2017,2,6,10,Changi,8
2017,2,6,10,Ang Mo Kio,2
2017,2,6,10,Khatib,3
2017,2,6,10,Tuas South,3
2017,2,6,10,Marina Barrage,7
2017,2,7,13,Changi,8
2017,2,7,13,Ang Mo Kio,2
2017,2,7,13,Khatib,3
2017,2,7,13,Tuas South,2
2017,2,7,13,Marina Barrage,4
2017,2,7,17,Changi,5
2017,2,7,17,Ang Mo Kio,2
2017,2,7,17,Khatib,2
2017,2,7,17,Tuas South,0
2017,2,7,17,Marina Barrage,2
2017,2,8,20,Changi,3
2017,2,8,20,Ang Mo Kio,3
2017,2,8,20,Khatib,2
2017,2,8,20,Tuas South,2
2017,2,8,20,Marina Barrage,1
2017,2,8,24,Changi,5
2017,2,8,24,Ang Mo Kio,6
2017,2,8,24,Khatib,1
2017,2,8,24,Tuas South,0
2017,2,8,24,Marina Barrage,3
2017,2,9,27,Changi,5
2017,2,9,27,Ang Mo Kio,6
2017,2,9,27,Khatib,1
2017,2,9,27,Tuas South,0
2017,2,9,27,Marina Barrage,1
2017,3,9,3,Changi,6
2017,3,9,3,Ang Mo Kio,7
2017,3,9,3,Khatib,0
2017,3,9,3,Tuas South,0
2017,3,9,3,Marina Barrage,1
2017,3,10,7,Changi,5
2017,3,10,7,Ang Mo Kio,5
2017,3,10,7,Khatib,0
2017,3,10,7,Tuas South,0
2017,3,10,7,Marina Barrage,0
2017,3,10,10,Changi,1
2017,3,10,10,Ang Mo Kio,5
2017,3,10,10,Khatib,2
2017,3,10,10,Tuas South,0
2017,3,10,10,Marina Barrage,0
2017,3,11,13,Changi,1
2017,3,11,13,Ang Mo Kio,5
2017,3,11,13,Khatib,2
2017,3,11,13,Tuas South,0
2017,3,11,13,Marina Barrage,0
2017,3,11,17,Changi,1
2017,3,11,17,Ang Mo Kio,0
2017,3,11,17,Khatib,0
2017,3,11,17,Tuas South,0
2017,3,11,17,Marina Barrage,0
2017,3,12,20,Changi,1
2017,3,12,20,Ang Mo Kio,0
2017,3,12,20,Khatib,0
2017,3,12,20,Tuas South,0
2017,3,12,20,Marina Barrage,0
2017,3,12,24,Changi,1
2017,3,12,24,Ang Mo Kio,0
2017,3,12,24,Khatib,0
2017,3,12,24,Tuas South,0
2017,3,12,24,Marina Barrage,0
2017,4,14,3,Changi,5
2017,4,14,3,Ang Mo Kio,0
2017,4,14,3,Khatib,3
2017,4,14,3,Tuas South,0
2017,4,14,3,Marina Barrage,0
2017,4,14,7,Changi,6
2017,4,14,7,Ang Mo Kio,0
2017,4,14,7,Khatib,4
2017,4,14,7,Tuas South,0
2017,4,14,7,Marina Barrage,2
2017,4,15,10,Changi,5
2017,4,15,10,Ang Mo Kio,0
2017,4,15,10,Khatib,2
2017,4,15,10,Tuas South,0
2017,4,15,10,Marina Barrage,1
2017,4,15,13,Changi,4
2017,4,15,13,Ang Mo Kio,3
2017,4,15,13,Khatib,0
2017,4,15,13,Tuas South,0
2017,4,15,13,Marina Barrage,0
2017,4,16,17,Changi,2
2017,4,16,17,Ang Mo Kio,3
2017,4,16,17,Khatib,2
2017,4,16,17,Tuas South,0
2017,4,16,17,Marina Barrage,0
2017,4,16,21,Changi,2
2017,4,16,21,Ang Mo Kio,2
2017,4,16,21,Khatib,3
2017,4,16,21,Tuas South,0
2017,4,16,21,Marina Barrage,0
2017,4,17,24,Changi,4
2017,4,17,24,Ang Mo Kio,2
2017,4,17,24,Khatib,2
2017,4,17,24,Tuas South,0
2017,4,17,24,Marina Barrage,0
2017,4,17,28,Changi,0
2017,4,17,28,Ang Mo Kio,1
2017,4,17,28,Khatib,5
2017,4,17,28,Tuas South,0
2017,4,17,28,Marina Barrage,0
2017,5,18,2,Changi,0
2017,5,18,2,Ang Mo Kio,1
2017,5,18,2,Khatib,3
2017,5,18,2,Tuas South,0
2017,5,18,2,Marina Barrage,0
2017,5,18,5,Changi,0
2017,5,18,5,Ang Mo Kio,0
2017,5,18,5,Khatib,3
2017,5,18,5,Tuas South,0
2017,5,18,5,Marina Barrage,0
2017,5,19,8,Changi,0
2017,5,19,8,Ang Mo Kio,0
2017,5,19,8,Khatib,1
2017,5,19,8,Tuas South,0
2017,5,19,8,Marina Barrage,0
2017,5,19,12,Changi,4
2017,5,19,12,Ang Mo Kio,2
2017,5,19,12,Khatib,2
2017,5,19,12,Tuas South,2
2017,5,19,12,Marina Barrage,0
2017,5,20,15,Changi,4
2017,5,20,15,Ang Mo Kio,4
2017,5,20,15,Khatib,0
2017,5,20,15,Tuas South,2
2017,5,20,15,Marina Barrage,0
2017,5,20,19,Changi,1
2017,5,20,19,Ang Mo Kio,8
2017,5,20,19,Khatib,1
2017,5,20,19,Tuas South,1
2017,5,20,19,Marina Barrage,0
2017,5,21,22,Changi,2
2017,5,21,22,Ang Mo Kio,6
2017,5,21,22,Khatib,3
2017,5,21,22,Tuas South,1
2017,5,21,22,Marina Barrage,0
2017,5,21,26,Changi,1
2017,5,21,26,Ang Mo Kio,11
2017,5,21,26,Khatib,4
2017,5,21,26,Tuas South,1
2017,5,21,26,Marina Barrage,0
2017,5,22,29,Changi,1
2017,5,22,29,Ang Mo Kio,2
2017,5,22,29,Khatib,11
2017,5,22,29,Tuas South,0
2017,5,22,29,Marina Barrage,0
2017,6,22,2,Changi,6
2017,6,22,2,Ang Mo Kio,6
2017,6,22,2,Khatib,6
2017,6,22,2,Tuas South,3
2017,6,22,2,Marina Barrage,1
2017,6,23,5,Changi,5
2017,6,23,5,Ang Mo Kio,10
2017,6,23,5,Khatib,5
2017,6,23,5,Tuas South,4
2017,6,23,5,Marina Barrage,1
2017,6,23,9,Changi,2
2017,6,23,9,Ang Mo Kio,15
2017,6,23,9,Khatib,2
2017,6,23,9,Tuas South,3
2017,6,23,9,Marina Barrage,2
2017,6,24,12,Changi,0
2017,6,24,12,Ang Mo Kio,10
2017,6,24,12,Khatib,2
2017,6,24,12,Tuas South,3
2017,6,24,12,Marina Barrage,2
2017,6,24,16,Changi,5
2017,6,24,16,Ang Mo Kio,10
2017,6,24,16,Khatib,3
2017,6,24,16,Tuas South,3
2017,6,24,16,Marina Barrage,0
2017,6,25,19,Changi,8
2017,6,25,19,Ang Mo Kio,6
2017,6,25,19,Khatib,2
2017,6,25,19,Tuas South,2
2017,6,25,19,Marina Barrage,0
2017,6,25,23,Changi,11
2017,6,25,23,Ang Mo Kio,12
2017,6,25,23,Khatib,2
2017,6,25,23,Tuas South,6
2017,6,25,23,Marina Barrage,0
2017,6,26,27,Changi,14
2017,6,26,27,Ang Mo Kio,13
2017,6,26,27,Khatib,2
2017,6,26,27,Tuas South,6
2017,6,26,27,Marina Barrage,0
2017,6,26,28,Changi,6
2017,6,26,28,Ang Mo Kio,11
2017,6,26,28,Khatib,4
2017,6,26,28,Tuas South,9
2017,6,26,28,Marina Barrage,1
2017,6,26,30,Changi,4
2017,6,26,30,Ang Mo Kio,7
2017,6,26,30,Khatib,5
2017,6,26,30,Tuas South,7
2017,6,26,30,Marina Barrage,6
2017,7,27,3,Changi,3
2017,7,27,3,Ang Mo Kio,7
2017,7,27,3,Khatib,6
2017,7,27,3,Tuas South,7
2017,7,27,3,Marina Barrage,4
2017,7,27,7,Changi,7
2017,7,27,7,Ang Mo Kio,3
2017,7,27,7,Khatib,7
2017,7,27,7,Tuas South,0
2017,7,27,7,Marina Barrage,5
2017,7,28,10,Changi,7
2017,7,28,10,Ang Mo Kio,1
2017,7,28,10,Khatib,4
2017,7,28,10,Tuas South,0
2017,7,28,10,Marina Barrage,2
2017,7,28,14,Changi,10
2017,7,28,14,Ang Mo Kio,8
2017,7,28,14,Khatib,0
2017,7,28,14,Tuas South,2
2017,7,28,14,Marina Barrage,2
2017,7,29,17,Changi,7
2017,7,29,17,Ang Mo Kio,7
2017,7,29,17,Khatib,0
2017,7,29,17,Tuas South,1
2017,7,29,17,Marina Barrage,2
2017,7,29,21,Changi,4
2017,7,29,21,Ang Mo Kio,10
2017,7,29,21,Khatib,1
2017,7,29,21,Tuas South,0
2017,7,29,21,Marina Barrage,1
2017,7,30,24,Changi,3
2017,7,30,24,Ang Mo Kio,8
2017,7,30,24,Khatib,3
2017,7,30,24,Tuas South,0
2017,7,30,24,Marina Barrage,0
2017,7,30,28,Changi,2
2017,7,30,28,Ang Mo Kio,10
2017,7,30,28,Khatib,2
2017,7,30,28,Tuas South,0
2017,7,30,28,Marina Barrage,0
2017,7,31,31,Changi,1
2017,7,31,31,Ang Mo Kio,11
2017,7,31,31,Khatib,1
2017,7,31,31,Tuas South,0
2017,7,31,31,Marina Barrage,2
2017,8,31,4,Changi,0
2017,8,31,4,Ang Mo Kio,17
2017,8,31,4,Khatib,0
2017,8,31,4,Tuas South,2
2017,8,31,4,Marina Barrage,4
2017,8,32,10,Changi,2
2017,8,32,10,Ang Mo Kio,14
2017,8,32,10,Khatib,4
2017,8,32,10,Tuas South,0
2017,8,32,10,Marina Barrage,3
2017,8,32,11,Changi,7
2017,8,32,11,Ang Mo Kio,15
2017,8,32,11,Khatib,4
2017,8,32,11,Tuas South,0
2017,8,32,11,Marina Barrage,2
2017,8,33,14,Changi,5
2017,8,33,14,Ang Mo Kio,12
2017,8,33,14,Khatib,3
2017,8,33,14,Tuas South,0
2017,8,33,14,Marina Barrage,0
2017,8,33,18,Changi,6
2017,8,33,18,Ang Mo Kio,12
2017,8,33,18,Khatib,0
2017,8,33,18,Tuas South,0
2017,8,33,18,Marina Barrage,2
2017,8,34,21,Changi,3
2017,8,34,21,Ang Mo Kio,11
2017,8,34,21,Khatib,0
2017,8,34,21,Tuas South,0
2017,8,34,21,Marina Barrage,2
2017,8,35,28,Changi,0
2017,8,35,28,Ang Mo Kio,9
2017,8,35,28,Khatib,0
2017,8,35,28,Tuas South,0
2017,8,35,28,Marina Barrage,2
2017,8,35,29,Changi,6
2017,8,35,29,Ang Mo Kio,14
2017,8,35,29,Khatib,1
2017,8,35,29,Tuas South,0
2017,8,35,29,Marina Barrage,2
2017,9,36,4,Changi,2
2017,9,36,4,Ang Mo Kio,9
2017,9,36,4,Khatib,1
2017,9,36,4,Tuas South,0
2017,9,36,4,Marina Barrage,1
2017,9,36,8,Changi,3
2017,9,36,8,Ang Mo Kio,10
2017,9,36,8,Khatib,2
2017,9,36,8,Tuas South,0
2017,9,36,8,Marina Barrage,0
2017,9,37,11,Changi,3
2017,9,37,11,Ang Mo Kio,8
2017,9,37,11,Khatib,2
2017,9,37,11,Tuas South,0
2017,9,37,11,Marina Barrage,0
2017,9,37,15,Changi,0
2017,9,37,15,Ang Mo Kio,6
2017,9,37,15,Khatib,0
2017,9,37,15,Tuas South,0
2017,9,37,15,Marina Barrage,0
2017,9,38,18,Changi,0
2017,9,38,18,Ang Mo Kio,5
2017,9,38,18,Khatib,0
2017,9,38,18,Tuas South,2
2017,9,38,18,Marina Barrage,0
2017,9,38,22,Changi,2
2017,9,38,22,Ang Mo Kio,7
2017,9,38,22,Khatib,0
2017,9,38,22,Tuas South,2
2017,9,38,22,Marina Barrage,0
2017,9,39,25,Changi,2
2017,9,39,25,Ang Mo Kio,6
2017,9,39,25,Khatib,0
2017,9,39,25,Tuas South,1
2017,9,39,25,Marina Barrage,0
2017,9,39,29,Changi,1
2017,9,39,29,Ang Mo Kio,3
2017,9,39,29,Khatib,0
2017,9,39,29,Tuas South,0
2017,9,39,29,Marina Barrage,0
2017,10,40,2,Changi,2
2017,10,40,2,Ang Mo Kio,1
2017,10,40,2,Khatib,0
2017,10,40,2,Tuas South,0
2017,10,40,2,Marina Barrage,0
2017,10,40,6,Changi,8
2017,10,40,6,Ang Mo Kio,3
2017,10,40,6,Khatib,3
2017,10,40,6,Tuas South,1
2017,10,40,6,Marina Barrage,1
2017,10,42,19,Changi,8
2017,10,42,19,Ang Mo Kio,3
2017,10,42,19,Khatib,3
2017,10,42,19,Tuas South,1
2017,10,42,19,Marina Barrage,1
2017,10,41,13,Changi,13
2017,10,41,13,Ang Mo Kio,6
2017,10,41,13,Khatib,0
2017,10,41,13,Tuas South,0
2017,10,41,13,Marina Barrage,2
2017,10,42,16,Changi,12
2017,10,42,16,Ang Mo Kio,4
2017,10,42,16,Khatib,0
2017,10,42,16,Tuas South,0
2017,10,42,16,Marina Barrage,2
2017,10,42,20,Changi,13
2017,10,42,20,Ang Mo Kio,0
2017,10,42,20,Khatib,0
2017,10,42,20,Tuas South,0
2017,10,42,20,Marina Barrage,2
2017,10,43,27,Changi,19
2017,10,43,27,Ang Mo Kio,2
2017,10,43,27,Khatib,2
2017,10,43,27,Tuas South,0
2017,10,43,27,Marina Barrage,6
2017,10,44,30,Changi,15
2017,10,44,30,Ang Mo Kio,2
2017,10,44,30,Khatib,2
2017,10,44,30,Tuas South,0
2017,10,44,30,Marina Barrage,5
2017,11,44,3,Changi,13
2017,11,44,3,Ang Mo Kio,1
2017,11,44,3,Khatib,2
2017,11,44,3,Tuas South,0
2017,11,44,3,Marina Barrage,3
2017,11,45,6,Changi,9
2017,11,45,6,Ang Mo Kio,1
2017,11,45,6,Khatib,1
2017,11,45,6,Tuas South,0
2017,11,45,6,Marina Barrage,2
2017,11,45,10,Changi,15
2017,11,45,10,Ang Mo Kio,0
2017,11,45,10,Khatib,0
2017,11,45,10,Tuas South,0
2017,11,45,10,Marina Barrage,0
2017,11,46,14,Changi,8
2017,11,46,14,Ang Mo Kio,1
2017,11,46,14,Khatib,1
2017,11,46,14,Tuas South,0
2017,11,46,14,Marina Barrage,0
2017,11,46,17,Changi,8
2017,11,46,17,Ang Mo Kio,1
2017,11,46,17,Khatib,1
2017,11,46,17,Tuas South,0
2017,11,46,17,Marina Barrage,0
2017,11,47,20,Changi,7
2017,11,47,20,Ang Mo Kio,1
2017,11,47,20,Khatib,1
2017,11,47,20,Tuas South,0
2017,11,47,20,Marina Barrage,0
2017,11,47,24,Changi,12
2017,11,47,24,Ang Mo Kio,4
2017,11,47,24,Khatib,1
2017,11,47,24,Tuas South,2
2017,11,47,24,Marina Barrage,2
2017,11,48,27,Changi,5
2017,11,48,27,Ang Mo Kio,4
2017,11,48,27,Khatib,1
2017,11,48,27,Tuas South,0
2017,11,48,27,Marina Barrage,1
2017,12,48,1,Changi,3
2017,12,48,1,Ang Mo Kio,1
2017,12,48,1,Khatib,0
2017,12,48,1,Tuas South,0
2017,12,48,1,Marina Barrage,1
2017,12,49,4,Changi,2
2017,12,49,4,Ang Mo Kio,1
2017,12,49,4,Khatib,0
2017,12,49,4,Tuas South,0
2017,12,49,4,Marina Barrage,1
2017,12,49,8,Changi,5
2017,12,49,8,Ang Mo Kio,2
2017,12,49,8,Khatib,0
2017,12,49,8,Tuas South,0
2017,12,49,8,Marina Barrage,0
2017,12,50,11,Changi,6
2017,12,50,11,Ang Mo Kio,2
2017,12,50,11,Khatib,0
2017,12,50,11,Tuas South,0
2017,12,50,11,Marina Barrage,0
2017,12,50,15,Changi,7
2017,12,50,15,Ang Mo Kio,3
2017,12,50,15,Khatib,0
2017,12,50,15,Tuas South,0
2017,12,50,15,Marina Barrage,0
2017,12,51,18,Changi,4
2017,12,51,18,Ang Mo Kio,3
2017,12,51,18,Khatib,0
2017,12,51,18,Tuas South,0
2017,12,51,18,Marina Barrage,0
2017,12,51,22,Changi,5
2017,12,51,22,Ang Mo Kio,7
2017,12,51,22,Khatib,5
2017,12,51,22,Tuas South,0
2017,12,51,22,Marina Barrage,3
2017,12,52,26,Changi,5
2017,12,52,26,Ang Mo Kio,7
2017,12,52,26,Khatib,7
2017,12,52,26,Tuas South,0
2017,12,52,26,Marina Barrage,3
2018,1,1,2,Changi,5
2018,1,1,2,Ang Mo Kio,7
2018,1,1,2,Khatib,2
2018,1,1,2,Tuas South,0
2018,1,1,2,Marina Barrage,0
2018,1,1,5,Changi,3
2018,1,1,5,Ang Mo Kio,47
2018,1,1,5,Khatib,2
2018,1,1,5,Tuas South,0
2018,1,1,5,Marina Barrage,1
2018,1,2,11,Changi,6
2018,1,2,11,Ang Mo Kio,45
2018,1,2,11,Khatib,0
2018,1,2,11,Tuas South,2
2018,1,2,11,Marina Barrage,3
2018,1,2,12,Changi,9
2018,1,2,12,Ang Mo Kio,33
2018,1,2,12,Khatib,0
2018,1,2,12,Tuas South,2
2018,1,2,12,Marina Barrage,2
2018,1,3,15,Changi,5
2018,1,3,15,Ang Mo Kio,39
2018,1,3,15,Khatib,0
2018,1,3,15,Tuas South,2
2018,1,3,15,Marina Barrage,1
2018,1,3,19,Changi,6
2018,1,3,19,Ang Mo Kio,28
2018,1,3,19,Khatib,3
2018,1,3,19,Tuas South,0
2018,1,3,19,Marina Barrage,0
2018,1,4,22,Changi,6
2018,1,4,22,Ang Mo Kio,15
2018,1,4,22,Khatib,2
2018,1,4,22,Tuas South,0
2018,1,4,22,Marina Barrage,0
2018,1,4,26,Changi,7
2018,1,4,26,Ang Mo Kio,15
2018,1,4,26,Khatib,3
2018,1,4,26,Tuas South,0
2018,1,4,26,Marina Barrage,0
2018,1,5,29,Changi,6
2018,1,5,29,Ang Mo Kio,8
2018,1,5,29,Khatib,2
2018,1,5,29,Tuas South,0
2018,1,5,29,Marina Barrage,0
2018,2,5,2,Changi,14
2018,2,5,2,Ang Mo Kio,5
2018,2,5,2,Khatib,0
2018,2,5,2,Tuas South,1
2018,2,5,2,Marina Barrage,0
2018,2,6,5,Changi,13
2018,2,6,5,Ang Mo Kio,3
2018,2,6,5,Khatib,0
2018,2,6,5,Tuas South,1
2018,2,6,5,Marina Barrage,0
2018,2,6,9,Changi,18
2018,2,6,9,Ang Mo Kio,5
2018,2,6,9,Khatib,4
2018,2,6,9,Tuas South,0
2018,2,6,9,Marina Barrage,0
2018,2,7,12,Changi,9
2018,2,7,12,Ang Mo Kio,3
2018,2,7,12,Khatib,4
2018,2,7,12,Tuas South,0
2018,2,7,12,Marina Barrage,3
2018,2,7,15,Changi,8
2018,2,7,15,Ang Mo Kio,0
2018,2,7,15,Khatib,10
2018,2,7,15,Tuas South,0
2018,2,7,15,Marina Barrage,2
2018,2,8,19,Changi,2
2018,2,8,19,Ang Mo Kio,0
2018,2,8,19,Khatib,6
2018,2,8,19,Tuas South,0
2018,2,8,19,Marina Barrage,1
2018,2,8,23,Changi,0
2018,2,8,23,Ang Mo Kio,0
2018,2,8,23,Khatib,3
2018,2,8,23,Tuas South,0
2018,2,8,23,Marina Barrage,0
2018,2,9,26,Changi,0
2018,2,9,26,Ang Mo Kio,0
2018,2,9,26,Khatib,4
2018,2,9,26,Tuas South,0
2018,2,9,26,Marina Barrage,0
2018,3,9,2,Changi,0
2018,3,9,2,Ang Mo Kio,0
2018,3,9,2,Khatib,2
2018,3,9,2,Tuas South,0
2018,3,9,2,Marina Barrage,1
2018,3,10,5,Changi,0
2018,3,10,5,Ang Mo Kio,2
2018,3,10,5,Khatib,2
2018,3,10,5,Tuas South,0
2018,3,10,5,Marina Barrage,2
2018,3,10,9,Changi,7
2018,3,10,9,Ang Mo Kio,6
2018,3,10,9,Khatib,5
2018,3,10,9,Tuas South,0
2018,3,10,9,Marina Barrage,3
2018,3,11,12,Changi,5
2018,3,11,12,Ang Mo Kio,2
2018,3,11,12,Khatib,3
2018,3,11,12,Tuas South,0
2018,3,11,12,Marina Barrage,1
2018,3,11,16,Changi,12
2018,3,11,16,Ang Mo Kio,0
2018,3,11,16,Khatib,0
2018,3,11,16,Tuas South,0
2018,3,11,16,Marina Barrage,2
2018,3,12,20,Changi,13
2018,3,12,20,Ang Mo Kio,1
2018,3,12,20,Khatib,0
2018,3,12,20,Tuas South,0
2018,3,12,20,Marina Barrage,2
2018,3,12,23,Changi,10
2018,3,12,23,Ang Mo Kio,2
2018,3,12,23,Khatib,0
2018,3,12,23,Tuas South,0
2018,3,12,23,Marina Barrage,0
2018,3,13,26,Changi,3
2018,3,13,26,Ang Mo Kio,2
2018,3,13,26,Khatib,0
2018,3,13,26,Tuas South,1
2018,3,13,26,Marina Barrage,0
2018,3,13,29,Changi,6
2018,3,13,29,Ang Mo Kio,3
2018,3,13,29,Khatib,0
2018,3,13,29,Tuas South,1
2018,3,13,29,Marina Barrage,0
2018,4,14,2,Changi,6
2018,4,14,2,Ang Mo Kio,3
2018,4,14,2,Khatib,0
2018,4,14,2,Tuas South,1
2018,4,14,2,Marina Barrage,0
2018,4,14,6,Changi,13
2018,4,14,6,Ang Mo Kio,0
2018,4,14,6,Khatib,3
2018,4,14,6,Tuas South,4
2018,4,14,6,Marina Barrage,2
2018,4,15,9,Changi,9
2018,4,15,9,Ang Mo Kio,2
2018,4,15,9,Khatib,6
2018,4,15,9,Tuas South,4
2018,4,15,9,Marina Barrage,2
2018,4,15,13,Changi,6
2018,4,15,13,Ang Mo Kio,0
2018,4,15,13,Khatib,5
2018,4,15,13,Tuas South,6
2018,4,15,13,Marina Barrage,8
2018,4,16,16,Changi,4
2018,4,16,16,Ang Mo Kio,2
2018,4,16,16,Khatib,3
2018,4,16,16,Tuas South,4
2018,4,16,16,Marina Barrage,7
2018,4,16,20,Changi,5
2018,4,16,20,Ang Mo Kio,4
2018,4,16,20,Khatib,2
2018,4,16,20,Tuas South,12
2018,4,16,20,Marina Barrage,5
2018,4,17,23,Changi,5
2018,4,17,23,Ang Mo Kio,3
2018,4,17,23,Khatib,1
2018,4,17,23,Tuas South,11
2018,4,17,23,Marina Barrage,7
2018,4,17,27,Changi,6
2018,4,17,27,Ang Mo Kio,1
2018,4,17,27,Khatib,8
2018,4,17,27,Tuas South,24
2018,4,17,27,Marina Barrage,0
2018,4,18,30,Changi,9
2018,4,18,30,Ang Mo Kio,1
2018,4,18,30,Khatib,8
2018,4,18,30,Tuas South,17
2018,4,18,30,Marina Barrage,0
2018,5,18,4,Changi,14
2018,5,18,4,Ang Mo Kio,2
2018,5,18,4,Khatib,8
2018,5,18,4,Tuas South,32
2018,5,18,4,Marina Barrage,0
2018,5,19,7,Changi,10
2018,5,19,7,Ang Mo Kio,1
2018,5,19,7,Khatib,4
2018,5,19,7,Tuas South,27
2018,5,19,7,Marina Barrage,0
2018,5,19,11,Changi,13
2018,5,19,11,Ang Mo Kio,3
2018,5,19,11,Khatib,2
2018,5,19,11,Tuas South,24
2018,5,19,11,Marina Barrage,0
2018,5,20,14,Changi,7
2018,5,20,14,Ang Mo Kio,2
2018,5,20,14,Khatib,0
2018,5,20,14,Tuas South,20
2018,5,20,14,Marina Barrage,0
2018,5,20,18,Changi,7
2018,5,20,18,Ang Mo Kio,2
2018,5,20,18,Khatib,2
2018,5,20,18,Tuas South,10
2018,5,20,18,Marina Barrage,4
2018,5,21,21,Changi,4
2018,5,21,21,Ang Mo Kio,0
2018,5,21,21,Khatib,3
2018,5,21,21,Tuas South,8
2018,5,21,21,Marina Barrage,3
2018,5,21,25,Changi,13
2018,5,21,25,Ang Mo Kio,3
2018,5,21,25,Khatib,3
2018,5,21,25,Tuas South,15
2018,5,21,25,Marina Barrage,5
2018,5,22,28,Changi,15
2018,5,22,28,Ang Mo Kio,4
2018,5,22,28,Khatib,2
2018,5,22,28,Tuas South,9
2018,5,22,28,Marina Barrage,2
2018,6,22,1,Changi,10
2018,6,22,1,Ang Mo Kio,6
2018,6,22,1,Khatib,1
2018,6,22,1,Tuas South,7
2018,6,22,1,Marina Barrage,8
2018,6,23,4,Changi,5
2018,6,23,4,Ang Mo Kio,4
2018,6,23,4,Khatib,1
2018,6,23,4,Tuas South,2
2018,6,23,4,Marina Barrage,9
2018,6,23,8,Changi,12
2018,6,23,8,Ang Mo Kio,9
2018,6,23,8,Khatib,0
2018,6,23,8,Tuas South,3
2018,6,23,8,Marina Barrage,4
2018,6,24,11,Changi,9
2018,6,24,11,Ang Mo Kio,5
2018,6,24,11,Khatib,0
2018,6,24,11,Tuas South,0
2018,6,24,11,Marina Barrage,6
2018,6,24,14,Changi,12
2018,6,24,14,Ang Mo Kio,7
2018,6,24,14,Khatib,5
2018,6,24,14,Tuas South,0
2018,6,24,14,Marina Barrage,6
2018,6,25,18,Changi,12
2018,6,25,18,Ang Mo Kio,7
2018,6,25,18,Khatib,6
2018,6,25,18,Tuas South,2
2018,6,25,18,Marina Barrage,6
2018,6,25,22,Changi,1
2018,6,25,22,Ang Mo Kio,3
2018,6,25,22,Khatib,8
2018,6,25,22,Tuas South,1
2018,6,25,22,Marina Barrage,5
2018,6,26,25,Changi,1
2018,6,26,25,Ang Mo Kio,3
2018,6,26,25,Khatib,5
2018,6,26,25,Tuas South,1
2018,6,26,25,Marina Barrage,2
2018,6,26,29,Changi,6
2018,6,26,29,Ang Mo Kio,4
2018,6,26,29,Khatib,9
2018,6,26,29,Tuas South,3
2018,6,26,29,Marina Barrage,5
2018,7,27,2,Changi,5
2018,7,27,2,Ang Mo Kio,3
2018,7,27,2,Khatib,7
2018,7,27,2,Tuas South,4
2018,7,27,2,Marina Barrage,8
2018,7,27,6,Changi,2
2018,7,27,6,Ang Mo Kio,2
2018,7,27,6,Khatib,10
2018,7,27,6,Tuas South,3
2018,7,27,6,Marina Barrage,5
2018,7,28,9,Changi,2
2018,7,28,9,Ang Mo Kio,3
2018,7,28,9,Khatib,10
2018,7,28,9,Tuas South,2
2018,7,28,9,Marina Barrage,7
2018,7,28,13,Changi,0
2018,7,28,13,Ang Mo Kio,2
2018,7,28,13,Khatib,6
2018,7,28,13,Tuas South,0
2018,7,28,13,Marina Barrage,6
2018,7,29,16,Changi,0
2018,7,29,16,Ang Mo Kio,4
2018,7,29,16,Khatib,5
2018,7,29,16,Tuas South,0
2018,7,29,16,Marina Barrage,4
2018,7,29,20,Changi,0
2018,7,29,20,Ang Mo Kio,4
2018,7,29,20,Khatib,4
2018,7,29,20,Tuas South,2
2018,7,29,20,Marina Barrage,6
2018,7,30,23,Changi,0
2018,7,30,23,Ang Mo Kio,3
2018,7,30,23,Khatib,1
2018,7,30,23,Tuas South,1
2018,7,30,23,Marina Barrage,2
2018,7,30,27,Changi,2
2018,7,30,27,Ang Mo Kio,4
2018,7,30,27,Khatib,8
2018,7,30,27,Tuas South,0
2018,7,30,27,Marina Barrage,1
2018,7,31,30,Changi,3
2018,7,31,30,Ang Mo Kio,4
2018,7,31,30,Khatib,10
2018,7,31,30,Tuas South,0
2018,7,31,30,Marina Barrage,0
2018,8,31,3,Changi,3
2018,8,31,3,Ang Mo Kio,0
2018,8,31,3,Khatib,6
2018,8,31,3,Tuas South,0
2018,8,31,3,Marina Barrage,4
2018,8,32,6,Changi,2
2018,8,32,6,Ang Mo Kio,0
2018,8,32,6,Khatib,5
2018,8,32,6,Tuas South,0
2018,8,32,6,Marina Barrage,4
2018,8,32,10,Changi,5
2018,8,32,10,Ang Mo Kio,7
2018,8,32,10,Khatib,2
2018,8,32,10,Tuas South,0
2018,8,32,10,Marina Barrage,10
2018,8,33,13,Changi,5
2018,8,33,13,Ang Mo Kio,4
2018,8,33,13,Khatib,3
2018,8,33,13,Tuas South,1
2018,8,33,13,Marina Barrage,8
2018,8,33,17,Changi,0
2018,8,33,17,Ang Mo Kio,0
2018,8,33,17,Khatib,11
2018,8,33,17,Tuas South,0
2018,8,33,17,Marina Barrage,7
2018,8,34,20,Changi,0
2018,8,34,20,Ang Mo Kio,2
2018,8,34,20,Khatib,13
2018,8,34,20,Tuas South,0
2018,8,34,20,Marina Barrage,6
2018,8,34,24,Changi,4
2018,8,34,24,Ang Mo Kio,3
2018,8,34,24,Khatib,13
2018,8,34,24,Tuas South,0
2018,8,34,24,Marina Barrage,5
2018,8,35,27,Changi,3
2018,8,35,27,Ang Mo Kio,4
2018,8,35,27,Khatib,14
2018,8,35,27,Tuas South,0
2018,8,35,27,Marina Barrage,4
2018,8,35,31,Changi,3
2018,8,35,31,Ang Mo Kio,8
2018,8,35,31,Khatib,24
2018,8,35,31,Tuas South,1
2018,8,35,31,Marina Barrage,4
2018,9,36,3,Changi,1
2018,9,36,3,Ang Mo Kio,8
2018,9,36,3,Khatib,14
2018,9,36,3,Tuas South,1
2018,9,36,3,Marina Barrage,4
2018,9,36,7,Changi,0
2018,9,36,7,Ang Mo Kio,11
2018,9,36,7,Khatib,23
2018,9,36,7,Tuas South,0
2018,9,36,7,Marina Barrage,3
2018,9,37,10,Changi,0
2018,9,37,10,Ang Mo Kio,11
2018,9,37,10,Khatib,18
2018,9,37,10,Tuas South,0
2018,9,37,10,Marina Barrage,1
2018,9,37,14,Changi,2
2018,9,37,14,Ang Mo Kio,14
2018,9,37,14,Khatib,22
2018,9,37,14,Tuas South,0
2018,9,37,14,Marina Barrage,3
2018,9,38,17,Changi,1
2018,9,38,17,Ang Mo Kio,5
2018,9,38,17,Khatib,18
2018,9,38,17,Tuas South,0
2018,9,38,17,Marina Barrage,0
2018,9,38,21,Changi,0
2018,9,38,21,Ang Mo Kio,9
2018,9,38,21,Khatib,21
2018,9,38,21,Tuas South,0
2018,9,38,21,Marina Barrage,0
2018,9,39,25,Changi,0
2018,9,39,25,Ang Mo Kio,14
2018,9,39,25,Khatib,19
2018,9,39,25,Tuas South,2
2018,9,39,25,Marina Barrage,0
2018,9,39,28,Changi,0
2018,9,39,28,Ang Mo Kio,7
2018,9,39,28,Khatib,15
2018,9,39,28,Tuas South,2
2018,9,39,28,Marina Barrage,4
2018,10,40,1,Changi,0
2018,10,40,1,Ang Mo Kio,4
2018,10,40,1,Khatib,11
2018,10,40,1,Tuas South,2
2018,10,40,1,Marina Barrage,3
2018,10,40,5,Changi,2
2018,10,40,5,Ang Mo Kio,3
2018,10,40,5,Khatib,13
2018,10,40,5,Tuas South,0
2018,10,40,5,Marina Barrage,2
2018,10,41,8,Changi,1
2018,10,41,8,Ang Mo Kio,4
2018,10,41,8,Khatib,10
2018,10,41,8,Tuas South,0
2018,10,41,8,Marina Barrage,2
2018,10,41,12,Changi,0
2018,10,41,12,Ang Mo Kio,11
2018,10,41,12,Khatib,8
2018,10,41,12,Tuas South,1
2018,10,41,12,Marina Barrage,1
2018,10,42,15,Changi,0
2018,10,42,15,Ang Mo Kio,15
2018,10,42,15,Khatib,6
2018,10,42,15,Tuas South,1
2018,10,42,15,Marina Barrage,1
2018,10,42,19,Changi,2
2018,10,42,19,Ang Mo Kio,19
2018,10,42,19,Khatib,8
2018,10,42,19,Tuas South,0
2018,10,42,19,Marina Barrage,0
2018,10,43,22,Changi,2
2018,10,43,22,Ang Mo Kio,13
2018,10,43,22,Khatib,7
2018,10,43,22,Tuas South,0
2018,10,43,22,Marina Barrage,0
2018,10,43,26,Changi,2
2018,10,43,26,Ang Mo Kio,16
2018,10,43,26,Khatib,14
2018,10,43,26,Tuas South,0
2018,10,43,26,Marina Barrage,0
2018,10,44,29,Changi,2
2018,10,44,29,Ang Mo Kio,17
2018,10,44,29,Khatib,18
2018,10,44,29,Tuas South,0
2018,10,44,29,Marina Barrage,2
2018,11,44,2,Changi,6
2018,11,44,2,Ang Mo Kio,19
2018,11,44,2,Khatib,14
2018,11,44,2,Tuas South,2
2018,11,44,2,Marina Barrage,4
2018,11,45,5,Changi,3
2018,11,45,5,Ang Mo Kio,20
2018,11,45,5,Khatib,10
2018,11,45,5,Tuas South,1
2018,11,45,5,Marina Barrage,4
2018,11,46,16,Changi,10
2018,11,46,16,Ang Mo Kio,27
2018,11,46,16,Khatib,13
2018,11,46,16,Tuas South,0
2018,11,46,16,Marina Barrage,1
2018,11,47,19,Changi,12
2018,11,47,19,Ang Mo Kio,25
2018,11,47,19,Khatib,10
2018,11,47,19,Tuas South,0
2018,11,47,19,Marina Barrage,3
2018,11,47,23,Changi,23
2018,11,47,23,Ang Mo Kio,24
2018,11,47,23,Khatib,14
2018,11,47,23,Tuas South,2
2018,11,47,23,Marina Barrage,2
2018,11,48,26,Changi,16
2018,11,48,26,Ang Mo Kio,21
2018,11,48,26,Khatib,14
2018,11,48,26,Tuas South,1
2018,11,48,26,Marina Barrage,1
2018,11,48,30,Changi,26
2018,11,48,30,Ang Mo Kio,18
2018,11,48,30,Khatib,15
2018,11,48,30,Tuas South,2
2018,11,48,30,Marina Barrage,0
2018,12,49,3,Changi,20
2018,12,49,3,Ang Mo Kio,15
2018,12,49,3,Khatib,10
2018,12,49,3,Tuas South,2
2018,12,49,3,Marina Barrage,0
2018,12,49,7,Changi,15
2018,12,49,7,Ang Mo Kio,16
2018,12,49,7,Khatib,12
2018,12,49,7,Tuas South,2
2018,12,49,7,Marina Barrage,1
2018,12,50,10,Changi,16
2018,12,50,10,Ang Mo Kio,22
2018,12,50,10,Khatib,12
2018,12,50,10,Tuas South,2
2018,12,50,10,Marina Barrage,1
2018,12,50,14,Changi,13
2018,12,50,14,Ang Mo Kio,22
2018,12,50,14,Khatib,12
2018,12,50,14,Tuas South,5
2018,12,50,14,Marina Barrage,1
2018,12,51,17,Changi,9
2018,12,51,17,Ang Mo Kio,19
2018,12,51,17,Khatib,10
2018,12,51,17,Tuas South,6
2018,12,51,17,Marina Barrage,2
2018,12,51,21,Changi,18
2018,12,51,21,Ang Mo Kio,32
2018,12,51,21,Khatib,13
2018,12,51,21,Tuas South,4
2018,12,51,21,Marina Barrage,5
2018,12,52,24,Changi,17
2018,12,52,24,Ang Mo Kio,23
2018,12,52,24,Khatib,16
2018,12,52,24,Tuas South,3
2018,12,52,24,Marina Barrage,5
2018,12,52,28,Changi,39
2018,12,52,28,Ang Mo Kio,31
2018,12,52,28,Khatib,14
2018,12,52,28,Tuas South,7
2018,12,52,28,Marina Barrage,7
2018,12,52,31,Changi,34
2018,12,52,31,Ang Mo Kio,27
2018,12,52,31,Khatib,13
2018,12,52,31,Tuas South,8
2018,12,52,31,Marina Barrage,6
2019,1,1,4,Changi,42
2019,1,1,4,Ang Mo Kio,44
2019,1,1,4,Khatib,15
2019,1,1,4,Tuas South,12
2019,1,1,4,Marina Barrage,8
2019,1,2,7,Changi,43
2019,1,2,7,Ang Mo Kio,40
2019,1,2,7,Khatib,23
2019,1,2,7,Tuas South,14
2019,1,2,7,Marina Barrage,9
2019,1,2,11,Changi,59
2019,1,2,11,Ang Mo Kio,56
2019,1,2,11,Khatib,34
2019,1,2,11,Tuas South,30
2019,1,2,11,Marina Barrage,20
2019,1,3,14,Changi,53
2019,1,3,14,Ang Mo Kio,57
2019,1,3,14,Khatib,35
2019,1,3,14,Tuas South,24
2019,1,3,14,Marina Barrage,21
2019,1,3,18,Changi,78
2019,1,3,18,Ang Mo Kio,57
2019,1,3,18,Khatib,42
2019,1,3,18,Tuas South,26
2019,1,3,18,Marina Barrage,20
2019,1,4,21,Changi,63
2019,1,4,21,Ang Mo Kio,34
2019,1,4,21,Khatib,33
2019,1,4,21,Tuas South,24
2019,1,4,21,Marina Barrage,12
2019,1,4,25,Changi,74
2019,1,4,25,Ang Mo Kio,45
2019,1,4,25,Khatib,32
2019,1,4,25,Tuas South,19
2019,1,4,25,Marina Barrage,29
2019,1,5,29,Changi,61
2019,1,5,29,Ang Mo Kio,40
2019,1,5,29,Khatib,45
2019,1,5,29,Tuas South,12
2019,1,5,29,Marina Barrage,33
2019,4,14,3,Changi,13
2019,4,14,3,Ang Mo Kio,20
2019,4,14,3,Khatib,37
2019,4,14,3,Tuas South,3
2019,4,14,3,Marina Barrage,11
2019,4,15,9,Changi,7
2019,4,15,9,Ang Mo Kio,17
2019,4,15,9,Khatib,34
2019,4,15,9,Tuas South,0
2019,4,15,9,Marina Barrage,8
2019,4,16,16,Changi,11
2019,4,16,16,Ang Mo Kio,29
2019,4,16,16,Khatib,46
2019,4,16,16,Tuas South,0
2019,4,16,16,Marina Barrage,17
2019,4,17,23,Changi,9
2019,4,17,23,Ang Mo Kio,26
2019,4,17,23,Khatib,48
2019,4,17,23,Tuas South,1
2019,4,17,23,Marina Barrage,7
2019,4,18,29,Changi,6
2019,4,18,29,Ang Mo Kio,18
2019,4,18,29,Khatib,49
2019,4,18,29,Tuas South,0
2019,4,18,29,Marina Barrage,9
2019,5,18,3,Changi,29
2019,5,18,3,Ang Mo Kio,15
2019,5,18,3,Khatib,56
2019,5,18,3,Tuas South,0
2019,5,18,3,Marina Barrage,21
2019,5,19,10,Changi,16
2019,5,19,10,Ang Mo Kio,39
2019,5,19,10,Khatib,94
2019,5,19,10,Tuas South,2
2019,5,19,10,Marina Barrage,81
2019,5,20,17,Changi,79
2019,5,20,17,Ang Mo Kio,44
2019,5,20,17,Khatib,147
2019,5,20,17,Tuas South,10
2019,5,20,17,Marina Barrage,66
2019,5,21,24,Changi,76
2019,5,21,24,Ang Mo Kio,80
2019,5,21,24,Khatib,135
2019,5,21,24,Tuas South,11
2019,5,21,24,Marina Barrage,69
2019,5,22,27,Changi,68
2019,5,22,27,Ang Mo Kio,80
2019,5,22,27,Khatib,106
2019,5,22,27,Tuas South,12
2019,5,22,27,Marina Barrage,56
2019,6,23,3,Changi,85
2019,6,23,3,Ang Mo Kio,146
2019,6,23,3,Khatib,128
2019,6,23,3,Tuas South,9
2019,6,23,3,Marina Barrage,96
2019,6,23,7,Changi,58
2019,6,23,7,Ang Mo Kio,116
2019,6,23,7,Khatib,103
2019,6,23,7,Tuas South,5
2019,6,23,7,Marina Barrage,85
2019,6,24,14,Changi,73
2019,6,24,14,Ang Mo Kio,153
2019,6,24,14,Khatib,121
2019,6,24,14,Tuas South,19
2019,6,24,14,Marina Barrage,92
2019,6,25,21,Changi,86
2019,6,25,21,Ang Mo Kio,159
2019,6,25,21,Khatib,93
2019,6,25,21,Tuas South,23
2019,6,25,21,Marina Barrage,106
2019,6,26,28,Changi,147
2019,6,26,28,Ang Mo Kio,159
2019,6,26,28,Khatib,83
2019,6,26,28,Tuas South,22
2019,6,26,28,Marina Barrage,163
2019,7,27,2,Changi,140
2019,7,27,2,Ang Mo Kio,142
2019,7,27,2,Khatib,71
2019,7,27,2,Tuas South,18
2019,7,27,2,Marina Barrage,131
2019,7,27,5,Changi,166
2019,7,27,5,Ang Mo Kio,195
2019,7,27,5,Khatib,76
2019,7,27,5,Tuas South,13
2019,7,27,5,Marina Barrage,165
2019,7,28,12,Changi,176
2019,7,28,12,Ang Mo Kio,291
2019,7,28,12,Khatib,80
2019,7,28,12,Tuas South,24
2019,7,28,12,Marina Barrage,206
2019,7,29,16,Changi,207
2019,7,29,16,Ang Mo Kio,341
2019,7,29,16,Khatib,92
2019,7,29,16,Tuas South,32
2019,7,29,16,Marina Barrage,263
2019,7,30,26,Changi,156
2019,7,30,26,Ang Mo Kio,270
2019,7,30,26,Khatib,101
2019,7,30,26,Tuas South,39
2019,7,30,26,Marina Barrage,161
2019,8,31,2,Changi,157
2019,8,31,2,Ang Mo Kio,275
2019,8,31,2,Khatib,127
2019,8,31,2,Tuas South,29
2019,8,31,2,Marina Barrage,141
2019,8,32,8,Changi,123
2019,8,32,8,Ang Mo Kio,280
2019,8,32,8,Khatib,117
2019,8,32,8,Tuas South,15
2019,8,32,8,Marina Barrage,133
2019,8,33,16,Changi,117
2019,8,33,16,Ang Mo Kio,284
2019,8,33,16,Khatib,123
2019,8,33,16,Tuas South,20
2019,8,33,16,Marina Barrage,112
2019,8,35,30,Changi,88
2019,8,35,30,Ang Mo Kio,240
2019,8,35,30,Khatib,117
2019,8,35,30,Tuas South,14
2019,8,35,30,Marina Barrage,114
2019,9,36,6,Changi,59
2019,9,36,6,Ang Mo Kio,212
2019,9,36,6,Khatib,64
2019,9,36,6,Tuas South,5
2019,9,36,6,Marina Barrage,65
2019,9,37,13,Changi,52
2019,9,37,13,Ang Mo Kio,182
2019,9,37,13,Khatib,58
2019,9,37,13,Tuas South,2
2019,9,37,13,Marina Barrage,66
2019,9,38,20,Changi,60
2019,9,38,20,Ang Mo Kio,144
2019,9,38,20,Khatib,32
2019,9,38,20,Tuas South,17
2019,9,38,20,Marina Barrage,76
2019,9,39,27,Changi,66
2019,9,39,27,Ang Mo Kio,119
2019,9,39,27,Khatib,46
2019,9,39,27,Tuas South,13
2019,9,39,27,Marina Barrage,55
2019,10,40,4,Changi,38
2019,10,40,4,Ang Mo Kio,81
2019,10,40,4,Khatib,41
2019,10,40,4,Tuas South,11
2019,10,40,4,Marina Barrage,47
2019,10,41,11,Changi,32
2019,10,41,11,Ang Mo Kio,82
2019,10,41,11,Khatib,38
2019,10,41,11,Tuas South,11
2019,10,41,11,Marina Barrage,41
2019,10,42,18,Changi,48
2019,10,42,18,Ang Mo Kio,75
2019,10,42,18,Khatib,38
2019,10,42,18,Tuas South,11
2019,10,42,18,Marina Barrage,23
2019,10,43,25,Changi,69
2019,10,43,25,Ang Mo Kio,101
2019,10,43,25,Khatib,30
2019,10,43,25,Tuas South,10
2019,10,43,25,Marina Barrage,12
2019,11,44,1,Changi,59
2019,11,44,1,Ang Mo Kio,131
2019,11,44,1,Khatib,58
2019,11,44,1,Tuas South,12
2019,11,44,1,Marina Barrage,19
2019,11,45,8,Changi,38
2019,11,45,8,Ang Mo Kio,144
2019,11,45,8,Khatib,73
2019,11,45,8,Tuas South,31
2019,11,45,8,Marina Barrage,26
2019,11,46,15,Changi,48
2019,11,46,15,Ang Mo Kio,148
2019,11,46,15,Khatib,98
2019,11,46,15,Tuas South,46
2019,11,46,15,Marina Barrage,24
2019,11,47,22,Changi,66
2019,11,47,22,Ang Mo Kio,156
2019,11,47,22,Khatib,127
2019,11,47,22,Tuas South,47
2019,11,47,22,Marina Barrage,22
2019,11,48,29,Changi,52
2019,11,48,29,Ang Mo Kio,143
2019,11,48,29,Khatib,96
2019,11,48,29,Tuas South,40
2019,11,48,29,Marina Barrage,18
2019,12,49,6,Changi,34
2019,12,49,6,Ang Mo Kio,146
2019,12,49,6,Khatib,69
2019,12,49,6,Tuas South,23
2019,12,49,6,Marina Barrage,24
2019,12,50,13,Changi,26
2019,12,50,13,Ang Mo Kio,111
2019,12,50,13,Khatib,75
2019,12,50,13,Tuas South,7
2019,12,50,13,Marina Barrage,29
2019,12,51,20,Changi,33
2019,12,51,20,Ang Mo Kio,93
2019,12,51,20,Khatib,60
2019,12,51,20,Tuas South,10
2019,12,51,20,Marina Barrage,19
2019,12,52,27,Changi,17
2019,12,52,27,Ang Mo Kio,100
2019,12,52,27,Khatib,75
2019,12,52,27,Tuas South,12
2019,12,52,27,Marina Barrage,14